fold,cell,n_train,n_test,train_sessions_benign,train_sessions_dga,test_sessions_benign,test_sessions_dga,train_classes,test_classes,covered,classes_ok,train_auc,test_auc
0,curl|adguard|JSON,281,17,2,7,0,1,2,1,True,True,1.0,
0,curl|alidns|JSON,240,94,1,7,1,1,2,2,True,True,0.9998,0.6379
0,curl|cloudflare|JSON,258,42,2,6,0,2,2,1,True,True,1.0,
0,h2dnspython|adguard|GET,261,39,2,6,0,2,2,1,True,True,0.9995,
0,h2dnspython|adguard|POST,261,39,2,6,0,2,2,1,True,True,0.9973,
0,h2dnspython|cloudflare|GET,264,36,2,6,0,2,2,1,True,True,0.9745,
0,h2dnspython|cloudflare|POST,264,36,2,6,0,2,2,1,True,True,0.9523,
0,h2dnspython|google|GET,277,21,2,7,0,1,2,1,True,True,1.0,
0,h2dnspython|google|POST,279,21,2,7,0,1,2,1,True,True,1.0,
0,h2dnspython|quad9|GET,177,123,1,5,1,3,2,2,True,True,0.9999,0.3554
0,h2dnspython|quad9|POST,171,129,1,5,1,3,2,2,True,True,0.9997,0.3542
0,h2|adguard|JSON,204,96,1,7,1,1,2,2,True,True,1.0,0.4749
0,h2|alidns|JSON,237,63,2,5,0,3,2,1,True,True,1.0,
0,h2|cloudflare|JSON,176,124,1,5,1,3,2,2,True,True,1.0,0.2717
0,h2|google|JSON,252,48,2,5,0,3,2,1,True,True,1.0,
0,kdig|adguard|GET,199,101,1,7,1,1,2,2,True,True,1.0,0.0405
0,kdig|adguard|POST,201,101,1,7,1,1,2,2,True,True,1.0,0.0528
0,kdig|cloudflare|GET,276,24,2,7,0,1,2,1,True,True,0.9939,
0,kdig|cloudflare|POST,276,24,2,7,0,1,2,1,True,True,0.9779,
0,kdig|quad9|GET,192,118,1,6,1,2,2,2,True,True,1.0,0.3155
0,kdig|quad9|POST,192,114,1,6,1,2,2,2,True,True,1.0,0.2759
1,curl|adguard|JSON,239,59,2,5,0,3,2,1,True,True,1.0,
1,curl|alidns|JSON,292,42,2,6,0,2,2,1,True,True,0.9989,
1,curl|cloudflare|JSON,204,96,1,7,1,1,2,2,True,True,1.0,0.101
1,curl|google|JSON,285,15,2,7,0,1,2,1,True,True,1.0,
1,h2dnspython|adguard|GET,225,75,1,8,1,0,2,1,True,True,1.0,
1,h2dnspython|adguard|POST,225,75,1,8,1,0,2,1,True,True,1.0,
1,h2dnspython|cloudflare|GET,255,45,2,5,0,3,2,1,True,True,0.9826,
1,h2dnspython|cloudflare|POST,255,45,2,5,0,3,2,1,True,True,0.9566,
1,h2dnspython|google|GET,259,39,2,6,0,2,2,1,True,True,1.0,
1,h2dnspython|google|POST,261,39,2,6,0,2,2,1,True,True,1.0,
1,h2dnspython|quad9|GET,183,117,1,6,1,2,2,2,True,True,1.0,0.6046
1,h2dnspython|quad9|POST,182,118,1,6,1,2,2,2,True,True,0.999,0.5651
1,h2|adguard|JSON,184,116,1,6,1,2,2,2,True,True,1.0,0.0341
1,h2|alidns|JSON,184,116,1,6,1,2,2,2,True,True,1.0,0.347
1,h2|cloudflare|JSON,207,93,1,7,1,1,2,2,True,True,1.0,0.0052
1,h2|google|JSON,276,24,2,7,0,1,2,1,True,True,1.0,
1,kdig|adguard|GET,243,57,2,5,0,3,2,1,True,True,1.0,
1,kdig|adguard|POST,242,60,2,5,0,3,2,1,True,True,1.0,
1,kdig|google|GET,276,24,2,7,0,1,2,1,True,True,1.0,
1,kdig|google|POST,276,24,2,7,0,1,2,1,True,True,1.0,
1,kdig|quad9|GET,214,96,1,7,1,1,2,2,True,True,1.0,0.6337
1,kdig|quad9|POST,209,97,1,7,1,1,2,2,True,True,1.0,0.7146
2,curl|adguard|JSON,118,180,0,6,2,2,1,2,False,,,
2,curl|cloudflare|JSON,210,90,1,7,1,1,2,2,True,True,1.0,0.7689
2,curl|google|JSON,159,141,1,5,1,3,2,2,True,True,1.0,0.3903
2,h2dnspython|adguard|GET,276,24,2,7,0,1,2,1,True,True,0.9999,
2,h2dnspython|adguard|POST,276,24,2,7,0,1,2,1,True,True,0.9971,
2,h2dnspython|cloudflare|GET,180,120,1,6,1,2,2,2,True,True,0.9973,0.0121
2,h2dnspython|cloudflare|POST,180,120,1,6,1,2,2,2,True,True,0.9907,0.0116
2,h2dnspython|google|GET,236,62,2,5,0,3,2,1,True,True,1.0,
2,h2dnspython|google|POST,237,63,2,5,0,3,2,1,True,True,1.0,
2,h2|adguard|JSON,290,10,2,7,0,1,2,1,True,True,1.0,
2,h2|alidns|JSON,284,16,2,7,0,1,2,1,True,True,1.0,
2,h2|cloudflare|JSON,259,41,2,6,0,2,2,1,True,True,0.9987,
2,h2|google|JSON,258,42,2,6,0,2,2,1,True,True,1.0,
2,kdig|adguard|GET,212,88,1,7,1,1,2,2,True,True,1.0,0.0
2,kdig|adguard|POST,213,89,1,7,1,1,2,2,True,True,1.0,0.0354
2,kdig|cloudflare|GET,275,25,2,6,0,2,2,1,True,True,0.9951,
2,kdig|cloudflare|POST,275,25,2,6,0,2,2,1,True,True,0.9909,
2,kdig|google|GET,197,103,1,6,1,2,2,2,True,True,1.0,0.5
2,kdig|google|POST,197,103,1,6,1,2,2,2,True,True,1.0,0.4019
2,kdig|quad9|GET,255,55,2,5,0,3,2,1,True,True,0.9992,
2,kdig|quad9|POST,250,56,2,5,0,3,2,1,True,True,0.993,
3,curl|adguard|JSON,280,18,2,7,0,1,2,1,True,True,1.0,
3,curl|alidns|JSON,269,65,2,5,0,3,2,1,True,True,0.9989,
3,curl|cloudflare|JSON,249,51,2,5,0,3,2,1,True,True,1.0,
3,curl|google|JSON,173,127,1,5,1,3,2,2,True,True,1.0,0.3585
3,h2dnspython|adguard|GET,215,85,1,7,1,1,2,2,True,True,1.0,0.0
3,h2dnspython|adguard|POST,215,85,1,7,1,1,2,2,True,True,1.0,0.0
3,h2dnspython|cloudflare|GET,201,99,1,7,1,1,2,2,True,True,1.0,0.6342
3,h2dnspython|cloudflare|POST,201,99,1,7,1,1,2,2,True,True,1.0,0.4019
3,h2dnspython|google|GET,149,149,0,8,2,0,1,1,False,,,
3,h2dnspython|google|POST,150,150,0,8,2,0,1,1,False,,,
3,h2dnspython|quad9|GET,267,33,2,6,0,2,2,1,True,True,0.9983,
3,h2dnspython|quad9|POST,270,30,2,6,0,2,2,1,True,True,0.9996,
3,h2|adguard|JSON,279,21,2,7,0,1,2,1,True,True,1.0,
3,h2|google|JSON,189,111,1,6,1,2,2,2,True,True,1.0,0.4011
3,kdig|adguard|GET,281,19,2,7,0,1,2,1,True,True,0.9999,
3,kdig|adguard|POST,283,19,2,7,0,1,2,1,True,True,0.9998,
3,kdig|cloudflare|GET,238,62,2,5,0,3,2,1,True,True,0.9891,
3,kdig|cloudflare|POST,238,62,2,5,0,3,2,1,True,True,0.9791,
3,kdig|google|GET,223,77,2,4,0,4,2,1,True,True,1.0,
3,kdig|google|POST,223,77,2,4,0,4,2,1,True,True,1.0,
3,kdig|quad9|GET,291,19,2,7,0,1,2,1,True,True,1.0,
3,kdig|quad9|POST,288,18,2,7,0,1,2,1,True,True,0.999,
4,curl|adguard|JSON,274,24,2,7,0,1,2,1,True,True,1.0,
4,curl|alidns|JSON,201,133,1,6,1,2,2,2,True,True,0.9997,0.8242
4,curl|cloudflare|JSON,279,21,2,7,0,1,2,1,True,True,1.0,
4,curl|google|JSON,283,17,2,7,0,1,2,1,True,True,1.0,
4,h2dnspython|adguard|GET,223,77,2,4,0,4,2,1,True,True,0.9995,
4,h2dnspython|adguard|POST,223,77,2,4,0,4,2,1,True,True,0.9996,
4,h2dnspython|google|GET,271,27,2,6,0,2,2,1,True,True,1.0,
4,h2dnspython|google|POST,273,27,2,6,0,2,2,1,True,True,1.0,
4,h2dnspython|quad9|GET,273,27,2,7,0,1,2,1,True,True,0.9983,
4,h2dnspython|quad9|POST,277,23,2,7,0,1,2,1,True,True,0.9995,
4,h2|adguard|JSON,243,57,2,5,0,3,2,1,True,True,1.0,
4,h2|alidns|JSON,195,105,1,6,1,2,2,2,True,True,1.0,0.3013
4,h2|cloudflare|JSON,258,42,2,6,0,2,2,1,True,True,0.9986,
4,h2|google|JSON,225,75,1,8,1,0,2,1,True,True,1.0,
4,kdig|adguard|GET,265,35,2,6,0,2,2,1,True,True,1.0,
4,kdig|adguard|POST,269,33,2,6,0,2,2,1,True,True,0.9997,
4,kdig|cloudflare|GET,111,189,0,6,2,2,1,2,False,,,
4,kdig|cloudflare|POST,111,189,0,6,2,2,1,2,False,,,
4,kdig|google|GET,204,96,1,7,1,1,2,2,True,True,1.0,0.7378
4,kdig|google|POST,204,96,1,7,1,1,2,2,True,True,1.0,0.86
4,kdig|quad9|GET,288,22,2,7,0,1,2,1,True,True,1.0,
4,kdig|quad9|POST,285,21,2,7,0,1,2,1,True,True,0.9949,
