session,block,flowInd,label,family,block_label,time_first,time_last,label_contaminated,resolver,score_modelB,pred_modelB,score_modelT,pred_modelT,exclusion_reason,model_hash_modelB
cloudflare_1,cloudflare_1_0,1,dga,zloader,dga:zloader,1789843226.940116,1789843405.719752,False,cloudflare,0.9999837661352545,1,0.9969306939653307,1,,63ab5ba67ce09a85
cloudflare_1,cloudflare_1_1,2,dga,qsnatch,dga:qsnatch,1789843457.847267,1789843607.89237,False,cloudflare,0.9999971228408469,1,0.994904992298859,1,,63ab5ba67ce09a85
cloudflare_1,cloudflare_1_3,6,benign,benign,benign,1789843918.686677,1789843929.036786,False,cloudflare,0.9999975115128845,1,0.9935852540364658,1,,63ab5ba67ce09a85
cloudflare_1,cloudflare_1_3,7,benign,benign,benign,1789843929.647635,1789844086.720667,False,cloudflare,0.9999969248252173,1,0.9921652098367127,1,,63ab5ba67ce09a85
cloudflare_1,cloudflare_1_4,9,benign,benign,benign,1789844148.874556,1789844298.050836,False,cloudflare,0.9999971843794945,1,0.9927353945809866,1,,63ab5ba67ce09a85
cloudflare_1,cloudflare_1_5,11,benign,benign,benign,1789844379.109113,1789844531.850954,False,cloudflare,0.9999975067510476,1,0.9932648424777331,1,,63ab5ba67ce09a85
cloudflare_1,cloudflare_1_7,17,dga,flubot,dga:flubot,1789844840.298251,1789844990.118106,False,cloudflare,0.9999971805758903,1,0.9938883621793144,1,,63ab5ba67ce09a85
cloudflare_1,cloudflare_1_8,19,dga,zloader,dga:zloader,1789845070.576855,1789845129.245429,False,cloudflare,0.999982951849911,1,0.9967381674002325,1,,63ab5ba67ce09a85
cloudflare_1,cloudflare_1_8,20,dga,zloader,dga:zloader,1789845129.512278,1789845219.799429,False,cloudflare,0.999979814223442,1,0.9976287691783036,1,,63ab5ba67ce09a85
cloudflare_1,cloudflare_1_9,22,benign,benign,benign,1789845300.669084,1789845450.417006,False,cloudflare,0.9999975067510476,1,0.9932648424777331,1,,63ab5ba67ce09a85
cloudflare_1,cloudflare_1_10,24,benign,benign,benign,1789845664.055211,1789845843.6811,False,cloudflare,0.9999953398885914,1,0.9954911023491986,1,,63ab5ba67ce09a85
cloudflare_1,cloudflare_1_11,25,benign,benign,benign,1789845844.404852,1789845910.965007,False,cloudflare,0.9999975067510476,1,0.9938883621793144,1,,63ab5ba67ce09a85
cloudflare_1,cloudflare_1_12,27,dga,zloader,dga:zloader,1789845991.938624,1789846141.876371,False,cloudflare,0.9999817792057409,1,0.9963030979653587,1,,63ab5ba67ce09a85
cloudflare_1,cloudflare_1_13,29,dga,qsnatch,dga:qsnatch,1789846222.457362,1789846329.245116,False,cloudflare,0.9999975015184194,1,0.9944370796732837,1,,63ab5ba67ce09a85
cloudflare_1,cloudflare_1_13,30,dga,qsnatch,dga:qsnatch,1789846329.382591,1789846508.123928,True,cloudflare,0.9999971868525045,1,0.9941962367382461,1,overlaps_block_of_other_label,63ab5ba67ce09a85
cloudflare_1,cloudflare_1_14,31,benign,benign,benign,1789846509.117786,1789846688.692999,False,cloudflare,0.9999974564806708,1,0.9943337111598576,1,,63ab5ba67ce09a85
cloudflare_1,cloudflare_1_15,32,benign,benign,benign,1789846689.274653,1789846833.734726,False,cloudflare,0.9999975067510476,1,0.9934076035888944,1,,63ab5ba67ce09a85
google_1,google_1_2,9,dga,bazarbackdoor,dga:bazarbackdoor,1789909341.229703,1789909403.30199,False,google,0.999591162461998,1,0.9908699601800842,1,,63ab5ba67ce09a85
google_1,google_1_2,10,dga,bazarbackdoor,dga:bazarbackdoor,1789909403.438585,1789909582.728312,True,google,0.9996061869267028,1,0.9968615618180812,1,overlaps_block_of_other_label,63ab5ba67ce09a85
google_1,google_1_3,11,benign,benign,benign,1789909583.340269,1789909721.587095,False,google,0.999591162461998,1,0.9936027390570655,1,,63ab5ba67ce09a85
google_1,google_1_4,13,benign,benign,benign,1789909801.801893,1789909950.984255,False,google,0.999591162461998,1,0.9929849956787947,1,,63ab5ba67ce09a85
google_1,google_1_5,15,benign,benign,benign,1789910032.007136,1789910181.567934,False,google,0.999591162461998,1,0.9973209565374398,1,,63ab5ba67ce09a85
google_1,google_1_6,17,dga,bazarbackdoor,dga:bazarbackdoor,1789910262.158389,1789910417.176509,False,google,0.999591162461998,1,0.9923433489823859,1,,63ab5ba67ce09a85
google_1,google_1_7,19,dga,flubot,dga:flubot,1789910492.249199,1789910603.945124,False,google,0.999591162461998,1,0.9929849956787947,1,,63ab5ba67ce09a85
google_1,google_1_7,20,dga,flubot,dga:flubot,1789910604.025183,1789910783.966795,False,google,0.9996084889055198,1,0.9956849578612486,1,,63ab5ba67ce09a85
google_1,google_1_8,21,dga,zloader,dga:zloader,1789910784.144168,1789910934.207897,False,google,0.9996347966168243,1,0.9949186090956668,1,,63ab5ba67ce09a85
google_1,google_1_9,22,benign,benign,benign,1789910953.271211,1789911103.0823,False,google,0.999591162461998,1,0.9882554972153712,1,,63ab5ba67ce09a85
google_1,google_1_10,24,benign,benign,benign,1789911183.440339,1789911332.996661,False,google,0.999591162461998,1,0.9882554972153712,1,,63ab5ba67ce09a85
google_1,google_1_11,26,benign,benign,benign,1789911413.85038,1789911563.973299,False,google,0.999591162461998,1,0.9910871021846693,1,,63ab5ba67ce09a85
google_1,google_1_12,28,dga,zloader,dga:zloader,1789911644.626103,1789911803.482773,False,google,0.999591162461998,1,0.9907764545141626,1,,63ab5ba67ce09a85
google_1,google_1_13,35,dga,qsnatch,dga:qsnatch,1789911874.983015,1789912024.29062,False,google,0.999591162461998,1,0.9915635423753503,1,,63ab5ba67ce09a85
google_1,google_1_15,39,benign,benign,benign,1789912335.286657,1789912485.408713,False,google,0.999591162461998,1,0.9915635423753503,1,,63ab5ba67ce09a85
quad9_1,quad9_1_0,1,dga,zloader,dga:zloader,1790000325.014797,1790000325.144613,False,quad9,0.999997512237829,1,0.02810201612940426,0,,63ab5ba67ce09a85
quad9_1,quad9_1_0,2,dga,zloader,dga:zloader,1790000325.038741,1790000326.453371,False,quad9,0.9999992948880339,1,0.36835258373989077,0,,63ab5ba67ce09a85
quad9_1,quad9_1_0,3,dga,zloader,dga:zloader,1790000326.498862,1790000328.139074,False,quad9,0.6509739913405761,1,8.308852792203354e-05,0,,63ab5ba67ce09a85
quad9_1,quad9_1_0,4,dga,zloader,dga:zloader,1790000329.000675,1790000333.758216,False,quad9,0.9998404772967854,1,0.0005958072544327299,0,,63ab5ba67ce09a85
quad9_1,quad9_1_0,5,dga,zloader,dga:zloader,1790000334.643015,1790000334.958,False,quad9,0.9999897837941311,1,0.8123522123791231,1,,63ab5ba67ce09a85
quad9_1,quad9_1_0,6,dga,zloader,dga:zloader,1790000335.566385,1790000339.068767,False,quad9,0.05934875516017885,0,0.00011668394811194256,0,,63ab5ba67ce09a85
quad9_1,quad9_1_0,7,dga,zloader,dga:zloader,1790000339.749867,1790000346.259204,False,quad9,0.9998343788511008,1,0.0030756890728597937,0,,63ab5ba67ce09a85
quad9_1,quad9_1_0,8,dga,zloader,dga:zloader,1790000346.460441,1790000347.730761,False,quad9,0.9999990583132873,1,0.3927242464648455,0,,63ab5ba67ce09a85
quad9_1,quad9_1_0,9,dga,zloader,dga:zloader,1790000347.673388,1790000352.43855,False,quad9,0.9998755668548668,1,0.0005583541177269979,0,,63ab5ba67ce09a85
quad9_1,quad9_1_0,10,dga,zloader,dga:zloader,1790000353.019184,1790000355.751586,False,quad9,2.2064146552834524e-06,0,6.61870632367662e-05,0,,63ab5ba67ce09a85
quad9_1,quad9_1_0,11,dga,zloader,dga:zloader,1790000356.061883,1790000359.863898,False,quad9,0.9999996290417082,1,0.9136363503746927,1,,63ab5ba67ce09a85
quad9_1,quad9_1_0,12,dga,zloader,dga:zloader,1790000360.296785,1790000363.981516,False,quad9,0.24515250438924957,0,0.00023800973354835524,0,,63ab5ba67ce09a85
quad9_1,quad9_1_0,13,dga,zloader,dga:zloader,1790000364.686967,1790000367.129369,False,quad9,0.00124254771706808,0,0.0001797865703872164,0,,63ab5ba67ce09a85
quad9_1,quad9_1_0,14,dga,zloader,dga:zloader,1790000367.511844,1790000372.093652,False,quad9,0.9999995594824282,1,0.8510058370073883,1,,63ab5ba67ce09a85
quad9_1,quad9_1_0,15,dga,zloader,dga:zloader,1790000372.810452,1790000374.993287,False,quad9,0.004677161083274681,0,0.00017726428341667034,0,,63ab5ba67ce09a85
quad9_1,quad9_1_0,16,dga,zloader,dga:zloader,1790000375.164919,1790000377.610219,False,quad9,0.005549716100244095,0,0.00020291253488168495,0,,63ab5ba67ce09a85
quad9_1,quad9_1_0,17,dga,zloader,dga:zloader,1790000378.270446,1790000386.657727,False,quad9,0.9999992891251799,1,0.9371814428856461,1,,63ab5ba67ce09a85
quad9_1,quad9_1_0,18,dga,zloader,dga:zloader,1790000387.623587,1790000399.106693,False,quad9,0.999874618050974,1,0.003407068234595103,0,,63ab5ba67ce09a85
quad9_1,quad9_1_0,19,dga,zloader,dga:zloader,1790000399.878128,1790000401.256465,False,quad9,0.012190808063454777,0,6.119085599362468e-05,0,,63ab5ba67ce09a85
quad9_1,quad9_1_0,20,dga,zloader,dga:zloader,1790000402.269671,1790000414.371559,False,quad9,0.9999990162370368,1,0.9901606403407007,1,,63ab5ba67ce09a85
quad9_1,quad9_1_0,21,dga,zloader,dga:zloader,1790000415.141406,1790000419.032459,False,quad9,0.5769004362309083,1,0.00023800973354835524,0,,63ab5ba67ce09a85
quad9_1,quad9_1_0,22,dga,zloader,dga:zloader,1790000419.493436,1790000425.419083,False,quad9,0.999858217444937,1,0.00032104016220696355,0,,63ab5ba67ce09a85
quad9_1,quad9_1_0,23,dga,zloader,dga:zloader,1790000425.870676,1790000434.833439,False,quad9,0.9999994051428683,1,0.9577049646518258,1,,63ab5ba67ce09a85
quad9_1,quad9_1_0,24,dga,zloader,dga:zloader,1790000435.096619,1790000444.13836,False,quad9,0.9998771576273404,1,0.002708683107113206,0,,63ab5ba67ce09a85
quad9_1,quad9_1_0,25,dga,zloader,dga:zloader,1790000444.605237,1790000445.85792,False,quad9,0.0028066105095644824,0,6.242383305250292e-05,0,,63ab5ba67ce09a85
quad9_1,quad9_1_0,26,dga,zloader,dga:zloader,1790000446.048435,1790000455.962252,False,quad9,0.9999994925481829,1,0.9825414989241124,1,,63ab5ba67ce09a85
quad9_1,quad9_1_0,27,dga,zloader,dga:zloader,1790000456.610505,1790000458.512269,False,quad9,0.0012176724091001816,0,0.0077443467823032665,0,,63ab5ba67ce09a85
quad9_1,quad9_1_0,28,dga,zloader,dga:zloader,1790000459.060326,1790000459.730151,False,quad9,8.188214350556352e-05,0,0.004174385674748761,0,,63ab5ba67ce09a85
quad9_1,quad9_1_0,29,dga,zloader,dga:zloader,1790000459.68138,1790000466.973162,False,quad9,0.9999992891203557,1,0.8533469363575605,1,,63ab5ba67ce09a85
quad9_1,quad9_1_0,30,dga,zloader,dga:zloader,1790000467.819212,1790000472.261144,False,quad9,0.12994774296760045,0,0.00012712255213017938,0,,63ab5ba67ce09a85
quad9_1,quad9_1_0,31,dga,zloader,dga:zloader,1790000472.594901,1790000473.729502,False,quad9,4.5093268302265784e-05,0,0.006269389695574027,0,,63ab5ba67ce09a85
quad9_1,quad9_1_0,32,dga,zloader,dga:zloader,1790000473.670894,1790000567.469784,False,quad9,0.9999987757773795,1,0.9650859659570282,1,,63ab5ba67ce09a85
quad9_1,quad9_1_1,33,dga,qsnatch,dga:qsnatch,1790000568.357262,1790000570.556668,False,quad9,0.0012863338464577793,0,0.00014336644678547382,0,,63ab5ba67ce09a85
quad9_1,quad9_1_1,34,dga,qsnatch,dga:qsnatch,1790000570.75385,1790000589.953709,False,quad9,0.9998673890437967,1,0.003407068234595103,0,,63ab5ba67ce09a85
quad9_1,quad9_1_1,35,dga,qsnatch,dga:qsnatch,1790000590.240575,1790000602.677775,False,quad9,0.9999993365189045,1,0.9614111247473585,1,,63ab5ba67ce09a85
quad9_1,quad9_1_1,36,dga,qsnatch,dga:qsnatch,1790000603.371116,1790000604.236883,False,quad9,0.00010490165673983663,0,0.00044899132565510524,0,,63ab5ba67ce09a85
quad9_1,quad9_1_1,37,dga,qsnatch,dga:qsnatch,1790000604.259267,1790000609.079369,False,quad9,0.9998755668548668,1,0.002351097631875006,0,,63ab5ba67ce09a85
quad9_1,quad9_1_1,38,dga,qsnatch,dga:qsnatch,1790000609.71353,1790000621.156801,False,quad9,0.9999989197474447,1,0.9911018169685819,1,,63ab5ba67ce09a85
quad9_1,quad9_1_1,39,dga,qsnatch,dga:qsnatch,1790000621.418519,1790000623.047816,False,quad9,0.32303480532151546,0,6.824144006643843e-05,0,,63ab5ba67ce09a85
quad9_1,quad9_1_1,40,dga,qsnatch,dga:qsnatch,1790000623.352939,1790000626.805224,False,quad9,0.9998907469684176,1,0.0007375981873944948,0,,63ab5ba67ce09a85
quad9_1,quad9_1_1,41,dga,qsnatch,dga:qsnatch,1790000627.923556,1790000638.193861,False,quad9,0.9999992873112132,1,0.9407567216799113,1,,63ab5ba67ce09a85
quad9_1,quad9_1_1,42,dga,qsnatch,dga:qsnatch,1790000638.846117,1790000640.98503,False,quad9,0.04718378163302359,0,0.00017076178760042107,0,,63ab5ba67ce09a85
quad9_1,quad9_1_1,43,dga,qsnatch,dga:qsnatch,1790000641.192875,1790000643.437375,False,quad9,0.005770202183166531,0,0.00013570371515484375,0,,63ab5ba67ce09a85
quad9_1,quad9_1_1,44,dga,qsnatch,dga:qsnatch,1790000643.916122,1790000644.798346,False,quad9,0.9999993914506398,1,0.876105306667359,1,,63ab5ba67ce09a85
quad9_1,quad9_1_1,45,dga,qsnatch,dga:qsnatch,1790000645.581558,1790000647.159784,False,quad9,8.915455025649325e-05,0,0.0005137376047254428,0,,63ab5ba67ce09a85
quad9_1,quad9_1_1,46,dga,qsnatch,dga:qsnatch,1790000647.986943,1790000649.944511,False,quad9,0.0007226292280694516,0,0.00016502984663827893,0,,63ab5ba67ce09a85
quad9_1,quad9_1_1,47,dga,qsnatch,dga:qsnatch,1790000650.673242,1790000652.073353,False,quad9,0.9999994455617324,1,0.900765574511546,1,,63ab5ba67ce09a85
quad9_1,quad9_1_1,48,dga,qsnatch,dga:qsnatch,1790000652.19167,1790000652.888128,False,quad9,0.00010293207821161226,0,0.0003309100459381569,0,,63ab5ba67ce09a85
quad9_1,quad9_1_1,49,dga,qsnatch,dga:qsnatch,1790000653.511913,1790000654.545977,False,quad9,0.010720883871029497,0,3.514797964061395e-05,0,,63ab5ba67ce09a85
quad9_1,quad9_1_1,50,dga,qsnatch,dga:qsnatch,1790000655.192174,1790000660.738322,False,quad9,0.9999995814023208,1,0.7498437000487324,1,,63ab5ba67ce09a85
quad9_1,quad9_1_1,51,dga,qsnatch,dga:qsnatch,1790000661.55593,1790000662.382154,False,quad9,0.007878058595516414,0,5.391418778201324e-05,0,,63ab5ba67ce09a85
quad9_1,quad9_1_1,52,dga,qsnatch,dga:qsnatch,1790000662.921056,1790000673.665211,False,quad9,0.999874618050974,1,0.004193354324627444,0,,63ab5ba67ce09a85
quad9_1,quad9_1_1,53,dga,qsnatch,dga:qsnatch,1790000673.83568,1790000681.333289,False,quad9,0.9999982684713545,1,0.6467619166119583,1,,63ab5ba67ce09a85
quad9_1,quad9_1_1,54,dga,qsnatch,dga:qsnatch,1790000681.620792,1790000683.020066,False,quad9,0.41238941000443646,0,8.810082025823621e-05,0,,63ab5ba67ce09a85
quad9_1,quad9_1_1,55,dga,qsnatch,dga:qsnatch,1790000683.910391,1790000742.258686,False,quad9,0.9999174334327816,1,0.22410636727232994,0,,63ab5ba67ce09a85
quad9_1,quad9_1_2,57,dga,bazarbackdoor,dga:bazarbackdoor,1790000793.607576,1790000804.564291,False,quad9,0.5032077168845923,1,0.7231384142788256,1,,63ab5ba67ce09a85
quad9_1,quad9_1_2,59,dga,bazarbackdoor,dga:bazarbackdoor,1790000803.602102,1790000817.506448,False,quad9,0.9999992758382049,1,0.9826357638226576,1,,63ab5ba67ce09a85
quad9_1,quad9_1_2,58,dga,bazarbackdoor,dga:bazarbackdoor,1790000803.577387,1790000818.156667,False,quad9,0.786881984303874,1,0.5922898906965197,1,,63ab5ba67ce09a85
quad9_1,quad9_1_2,60,dga,bazarbackdoor,dga:bazarbackdoor,1790000819.150573,1790000827.925715,False,quad9,0.9998949062869775,1,0.000536338301680691,0,,63ab5ba67ce09a85
quad9_1,quad9_1_2,61,dga,bazarbackdoor,dga:bazarbackdoor,1790000824.719532,1790000832.859401,False,quad9,0.9998696451059828,1,0.00028030143222203876,0,,63ab5ba67ce09a85
quad9_1,quad9_1_2,62,dga,bazarbackdoor,dga:bazarbackdoor,1790000833.262651,1790000836.624624,False,quad9,0.9999992529139566,1,0.8990606137360522,1,,63ab5ba67ce09a85
quad9_1,quad9_1_2,63,dga,bazarbackdoor,dga:bazarbackdoor,1790000837.257998,1790000837.88886,False,quad9,0.03935210301261958,0,0.003949909778140027,0,,63ab5ba67ce09a85
quad9_1,quad9_1_2,64,dga,bazarbackdoor,dga:bazarbackdoor,1790000837.8172,1790000840.047831,False,quad9,0.9999041843306873,1,0.00013461049581411683,0,,63ab5ba67ce09a85
quad9_1,quad9_1_2,65,dga,bazarbackdoor,dga:bazarbackdoor,1790000840.785927,1790000844.763393,False,quad9,0.9999995953048425,1,0.7306070416456157,1,,63ab5ba67ce09a85
quad9_1,quad9_1_2,66,dga,bazarbackdoor,dga:bazarbackdoor,1790000844.824592,1790000846.698558,False,quad9,0.008798969897278767,0,6.030145037480087e-05,0,,63ab5ba67ce09a85
quad9_1,quad9_1_2,67,dga,bazarbackdoor,dga:bazarbackdoor,1790000847.034564,1790000850.6791,False,quad9,0.999869613301233,1,0.00014366017483551698,0,,63ab5ba67ce09a85
quad9_1,quad9_1_2,68,dga,bazarbackdoor,dga:bazarbackdoor,1790000851.171819,1790000852.867924,False,quad9,0.9999992414870646,1,0.8354199530924223,1,,63ab5ba67ce09a85
quad9_1,quad9_1_2,69,dga,bazarbackdoor,dga:bazarbackdoor,1790000853.387791,1790000856.8232,False,quad9,0.9998895277619797,1,0.00026988760433706223,0,,63ab5ba67ce09a85
quad9_1,quad9_1_2,70,dga,bazarbackdoor,dga:bazarbackdoor,1790000853.454409,1790000857.811788,False,quad9,3.2031685547840106e-05,0,0.001231852368278325,0,,63ab5ba67ce09a85
quad9_1,quad9_1_2,71,dga,bazarbackdoor,dga:bazarbackdoor,1790000858.407447,1790000862.003736,False,quad9,0.9999994799247163,1,0.817760641022663,1,,63ab5ba67ce09a85
quad9_1,quad9_1_2,72,dga,bazarbackdoor,dga:bazarbackdoor,1790000862.055835,1790000874.344396,False,quad9,0.9998880294019764,1,0.008379452758896355,0,,63ab5ba67ce09a85
quad9_1,quad9_1_2,73,dga,bazarbackdoor,dga:bazarbackdoor,1790000874.627996,1790000886.181778,False,quad9,0.9999969708121799,1,0.9630710279157728,1,,63ab5ba67ce09a85
quad9_1,quad9_1_2,74,dga,bazarbackdoor,dga:bazarbackdoor,1790000887.187933,1790000888.579299,False,quad9,0.9999993390152472,1,0.648625253779635,1,,63ab5ba67ce09a85
quad9_1,quad9_1_2,75,dga,bazarbackdoor,dga:bazarbackdoor,1790000889.560154,1790000891.250275,False,quad9,0.0034566145273933545,0,0.00011086555809524095,0,,63ab5ba67ce09a85
quad9_1,quad9_1_2,76,dga,bazarbackdoor,dga:bazarbackdoor,1790000892.326665,1790000905.788211,False,quad9,0.999874618050974,1,0.003407068234595103,0,,63ab5ba67ce09a85
quad9_1,quad9_1_2,77,dga,bazarbackdoor,dga:bazarbackdoor,1790000906.344327,1790000909.524121,False,quad9,0.9999996395792319,1,0.9160538250923599,1,,63ab5ba67ce09a85
quad9_1,quad9_1_2,78,dga,bazarbackdoor,dga:bazarbackdoor,1790000910.147779,1790000914.958668,False,quad9,0.9998895277619797,1,0.004716839555128203,0,,63ab5ba67ce09a85
quad9_1,quad9_1_2,79,dga,bazarbackdoor,dga:bazarbackdoor,1790000910.150738,1790000928.129505,False,quad9,0.9999951446400509,1,0.9509932060262495,1,,63ab5ba67ce09a85
quad9_1,quad9_1_2,80,dga,bazarbackdoor,dga:bazarbackdoor,1790000928.564521,1790000931.536815,False,quad9,0.9999995275566618,1,0.9369447252350136,1,,63ab5ba67ce09a85
quad9_1,quad9_1_2,81,dga,bazarbackdoor,dga:bazarbackdoor,1790000932.265236,1790000936.270831,False,quad9,0.9998342329634163,1,0.0004917206719864699,0,,63ab5ba67ce09a85
quad9_1,quad9_1_2,82,dga,bazarbackdoor,dga:bazarbackdoor,1790000936.577729,1790000940.124577,False,quad9,0.9998333377155779,1,0.00011129962638379884,0,,63ab5ba67ce09a85
quad9_1,quad9_1_2,83,dga,bazarbackdoor,dga:bazarbackdoor,1790000940.784625,1790001022.44019,True,quad9,0.9999988486249306,1,0.8523420288487421,1,overlaps_block_of_other_label,63ab5ba67ce09a85
quad9_1,quad9_1_3,84,benign,benign,benign,1790001022.336251,1790001025.694891,False,quad9,0.05791379838632701,0,9.930610604017693e-05,0,,63ab5ba67ce09a85
quad9_1,quad9_1_3,85,benign,benign,benign,1790001026.094713,1790001027.312855,False,quad9,4.641645392124384e-05,0,0.0063875176693508435,0,,63ab5ba67ce09a85
quad9_1,quad9_1_3,86,benign,benign,benign,1790001027.262157,1790001029.329866,False,quad9,0.9999993590281241,1,0.5494520823819878,1,,63ab5ba67ce09a85
quad9_1,quad9_1_3,87,benign,benign,benign,1790001029.905658,1790001031.081363,False,quad9,4.250082713506275e-05,0,0.008042437786452004,0,,63ab5ba67ce09a85
quad9_1,quad9_1_3,88,benign,benign,benign,1790001031.023279,1790001036.169471,False,quad9,0.9998333377155779,1,0.002351097631875006,0,,63ab5ba67ce09a85
quad9_1,quad9_1_3,89,benign,benign,benign,1790001036.846885,1790001037.706137,False,quad9,0.9999984158456889,1,0.28445310004614766,0,,63ab5ba67ce09a85
quad9_1,quad9_1_3,90,benign,benign,benign,1790001036.873852,1790001047.6067,False,quad9,0.9999993469745464,1,0.986667575549735,1,,63ab5ba67ce09a85
quad9_1,quad9_1_3,91,benign,benign,benign,1790001048.47787,1790001049.420674,False,quad9,2.4475161332691505e-05,0,0.004332523805888642,0,,63ab5ba67ce09a85
quad9_1,quad9_1_3,92,benign,benign,benign,1790001050.355216,1790001051.029294,False,quad9,6.883776685188677e-05,0,0.0036152018764842126,0,,63ab5ba67ce09a85
quad9_1,quad9_1_3,93,benign,benign,benign,1790001051.61235,1790001062.447677,False,quad9,0.9998771576273404,1,0.004193354324627444,0,,63ab5ba67ce09a85
quad9_1,quad9_1_3,94,benign,benign,benign,1790001062.815403,1790001066.546164,False,quad9,0.9998755668548668,1,0.00012094868272067788,0,,63ab5ba67ce09a85
quad9_1,quad9_1_3,95,benign,benign,benign,1790001067.025564,1790001069.357733,False,quad9,0.9999992965170608,1,0.30273245880540123,0,,63ab5ba67ce09a85
quad9_1,quad9_1_3,96,benign,benign,benign,1790001069.305646,1790001071.259803,False,quad9,0.9999230264527981,1,0.0005642200948527324,0,,63ab5ba67ce09a85
quad9_1,quad9_1_3,97,benign,benign,benign,1790001071.529045,1790001074.153038,False,quad9,0.36213251741984925,0,0.00014850471913344896,0,,63ab5ba67ce09a85
quad9_1,quad9_1_3,98,benign,benign,benign,1790001074.531399,1790001075.975582,False,quad9,0.9999983179049133,1,0.7659098814537896,1,,63ab5ba67ce09a85
quad9_1,quad9_1_3,99,benign,benign,benign,1790001076.294514,1790001079.05972,False,quad9,3.5072725541781455e-06,0,6.210691021211594e-05,0,,63ab5ba67ce09a85
quad9_1,quad9_1_3,100,benign,benign,benign,1790001079.600527,1790001090.138341,False,quad9,0.9998771576273404,1,0.004193354324627444,0,,63ab5ba67ce09a85
quad9_1,quad9_1_3,101,benign,benign,benign,1790001090.383538,1790001091.71038,False,quad9,0.9999993144188573,1,0.09193207551609993,0,,63ab5ba67ce09a85
quad9_1,quad9_1_3,102,benign,benign,benign,1790001092.309401,1790001095.536759,False,quad9,0.9998884091633169,1,0.0005283949820378068,0,,63ab5ba67ce09a85
quad9_1,quad9_1_3,103,benign,benign,benign,1790001096.060232,1790001107.024538,False,quad9,0.9998755668548668,1,0.0035567623780517485,0,,63ab5ba67ce09a85
quad9_1,quad9_1_3,104,benign,benign,benign,1790001108.044858,1790001113.025835,False,quad9,0.9999994902992935,1,0.6009699125378528,1,,63ab5ba67ce09a85
quad9_1,quad9_1_3,105,benign,benign,benign,1790001113.969844,1790001123.633092,False,quad9,0.9998771576273404,1,0.004193354324627444,0,,63ab5ba67ce09a85
quad9_1,quad9_1_3,106,benign,benign,benign,1790001123.791712,1790001130.182101,False,quad9,0.9998771576273404,1,0.004728565721503618,0,,63ab5ba67ce09a85
quad9_1,quad9_1_3,107,benign,benign,benign,1790001130.816047,1790001131.91946,False,quad9,0.9999996720049941,1,0.4304788839982414,0,,63ab5ba67ce09a85
quad9_1,quad9_1_3,108,benign,benign,benign,1790001132.893518,1790001139.084693,False,quad9,0.9998745282930523,1,0.002827779822593805,0,,63ab5ba67ce09a85
quad9_1,quad9_1_3,109,benign,benign,benign,1790001139.138355,1790001144.724956,False,quad9,0.9999993487131132,1,0.9338524666255963,1,,63ab5ba67ce09a85
quad9_1,quad9_1_3,110,benign,benign,benign,1790001145.16784,1790001147.805088,False,quad9,3.6965865699265297e-06,0,6.8914263240044e-05,0,,63ab5ba67ce09a85
quad9_1,quad9_1_3,111,benign,benign,benign,1790001148.097291,1790001162.259394,False,quad9,0.9998844209151092,1,0.003407068234595103,0,,63ab5ba67ce09a85
quad9_1,quad9_1_3,112,benign,benign,benign,1790001162.884207,1790001190.115811,False,quad9,0.9999989024362131,1,0.9161027888829582,1,,63ab5ba67ce09a85
quad9_1,quad9_1_4,117,benign,benign,benign,1790001257.087315,1790001261.162676,False,quad9,0.9998343788511008,1,0.0002872190582193798,0,,63ab5ba67ce09a85
quad9_1,quad9_1_4,118,benign,benign,benign,1790001257.105898,1790001263.485096,False,quad9,0.9999994921391225,1,0.27954661267568787,0,,63ab5ba67ce09a85
quad9_1,quad9_1_4,119,benign,benign,benign,1790001263.863482,1790001275.675759,False,quad9,0.9998771576273404,1,0.004322020452414855,0,,63ab5ba67ce09a85
quad9_1,quad9_1_4,120,benign,benign,benign,1790001276.077432,1790001286.269278,False,quad9,0.9998771576273404,1,0.003407068234595103,0,,63ab5ba67ce09a85
quad9_1,quad9_1_4,121,benign,benign,benign,1790001286.818306,1790001292.080978,False,quad9,0.9999995400704099,1,0.8313410771217776,1,,63ab5ba67ce09a85
quad9_1,quad9_1_4,122,benign,benign,benign,1790001292.799529,1790001294.445858,False,quad9,1.566292252919018e-05,0,5.287561548938907e-05,0,,63ab5ba67ce09a85
quad9_1,quad9_1_4,123,benign,benign,benign,1790001295.169679,1790001296.848796,False,quad9,0.0037682281299732997,0,0.00010562590598342005,0,,63ab5ba67ce09a85
quad9_1,quad9_1_4,124,benign,benign,benign,1790001297.012164,1790001298.850383,False,quad9,0.9999994297669027,1,0.9149006549713272,1,,63ab5ba67ce09a85
quad9_1,quad9_1_4,125,benign,benign,benign,1790001299.325264,1790001303.522064,False,quad9,0.9998781744281257,1,0.0001297316937232657,0,,63ab5ba67ce09a85
quad9_1,quad9_1_4,126,benign,benign,benign,1790001303.466608,1790001306.359361,False,quad9,0.6474051401125853,1,0.0002295699661730555,0,,63ab5ba67ce09a85
quad9_1,quad9_1_4,127,benign,benign,benign,1790001306.724792,1790001307.913979,False,quad9,0.9999996720049941,1,0.7919988592287075,1,,63ab5ba67ce09a85
quad9_1,quad9_1_4,128,benign,benign,benign,1790001306.733132,1790001309.406024,False,quad9,0.9999992718024637,1,0.24032747108545427,0,,63ab5ba67ce09a85
quad9_1,quad9_1_4,129,benign,benign,benign,1790001309.886123,1790001310.62133,False,quad9,0.0019540583627386306,0,0.00015820129552664202,0,,63ab5ba67ce09a85
quad9_1,quad9_1_4,130,benign,benign,benign,1790001310.662542,1790001316.109793,False,quad9,0.9998781744281257,1,0.0005979129372526727,0,,63ab5ba67ce09a85
quad9_1,quad9_1_4,131,benign,benign,benign,1790001317.089114,1790001323.058927,False,quad9,0.9998578427397063,1,0.0030817405185577765,0,,63ab5ba67ce09a85
quad9_1,quad9_1_4,132,benign,benign,benign,1790001324.134135,1790001328.749434,False,quad9,0.9998467104036497,1,0.0025573237010133158,0,,63ab5ba67ce09a85
quad9_1,quad9_1_4,133,benign,benign,benign,1790001329.400412,1790001329.994546,False,quad9,0.9999978472792631,1,0.6958249738703899,1,,63ab5ba67ce09a85
quad9_1,quad9_1_4,134,benign,benign,benign,1790001330.58035,1790001331.833435,False,quad9,7.587126588661626e-05,0,0.0004899157020894566,0,,63ab5ba67ce09a85
quad9_1,quad9_1_4,135,benign,benign,benign,1790001332.277825,1790001332.825044,False,quad9,0.012041549229329242,0,0.010940918694248989,0,,63ab5ba67ce09a85
quad9_1,quad9_1_4,136,benign,benign,benign,1790001333.009561,1790001335.769508,False,quad9,0.9999992529139566,1,0.6654886543383347,1,,63ab5ba67ce09a85
quad9_1,quad9_1_4,137,benign,benign,benign,1790001336.681843,1790001340.229581,False,quad9,0.9998806203920799,1,0.0006048085954800517,0,,63ab5ba67ce09a85
quad9_1,quad9_1_4,138,benign,benign,benign,1790001341.21551,1790001341.56846,False,quad9,3.831019978743049e-05,0,0.00013660715455523595,0,,63ab5ba67ce09a85
quad9_1,quad9_1_4,139,benign,benign,benign,1790001342.224243,1790001345.932206,False,quad9,0.9999995911395254,1,0.893218133863363,1,,63ab5ba67ce09a85
quad9_1,quad9_1_4,140,benign,benign,benign,1790001346.680755,1790001347.630619,False,quad9,0.007656363222719382,0,2.720134359647061e-05,0,,63ab5ba67ce09a85
quad9_1,quad9_1_4,141,benign,benign,benign,1790001348.352207,1790001358.10177,False,quad9,0.9998771576273404,1,0.004322020452414855,0,,63ab5ba67ce09a85
quad9_1,quad9_1_4,142,benign,benign,benign,1790001358.639904,1790001359.914461,False,quad9,0.9999993684224365,1,0.4944708349408908,0,,63ab5ba67ce09a85
quad9_1,quad9_1_4,143,benign,benign,benign,1790001360.413309,1790001383.546176,False,quad9,0.9998673890437967,1,0.003407068234595103,0,,63ab5ba67ce09a85
quad9_1,quad9_1_4,144,benign,benign,benign,1790001383.499421,1790001385.846533,False,quad9,0.0037062481143188644,0,0.00014992641044956308,0,,63ab5ba67ce09a85
quad9_1,quad9_1_4,145,benign,benign,benign,1790001386.726384,1790001390.332525,False,quad9,0.9999995911395254,1,0.35924218739824637,0,,63ab5ba67ce09a85
quad9_1,quad9_1_4,146,benign,benign,benign,1790001390.273301,1790001392.889446,False,quad9,0.24207477393047003,0,0.00012776564150120728,0,,63ab5ba67ce09a85
quad9_1,quad9_1_4,147,benign,benign,benign,1790001393.628861,1790001402.94961,False,quad9,0.9998610605514441,1,0.004331054454882068,0,,63ab5ba67ce09a85
quad9_1,quad9_1_5,149,benign,benign,benign,1790001482.95671,1790001487.331827,False,quad9,0.9999994351093826,1,0.6902137061916138,1,,63ab5ba67ce09a85
quad9_1,quad9_1_5,150,benign,benign,benign,1790001487.616231,1790001489.647564,False,quad9,0.002259345388065862,0,0.005857547027440849,0,,63ab5ba67ce09a85
quad9_1,quad9_1_5,151,benign,benign,benign,1790001490.164959,1790001491.868099,False,quad9,0.0029301260853666256,0,0.0001008403675030741,0,,63ab5ba67ce09a85
quad9_1,quad9_1_5,152,benign,benign,benign,1790001492.480825,1790001500.835007,False,quad9,0.9999992998572836,1,0.9625671258794571,1,,63ab5ba67ce09a85
quad9_1,quad9_1_5,153,benign,benign,benign,1790001501.829872,1790001503.083067,False,quad9,6.592997135131885e-05,0,0.00469863422528908,0,,63ab5ba67ce09a85
quad9_1,quad9_1_5,154,benign,benign,benign,1790001503.782321,1790001522.829373,False,quad9,0.9998673890437967,1,0.003407068234595103,0,,63ab5ba67ce09a85
quad9_1,quad9_1_5,155,benign,benign,benign,1790001523.744707,1790001525.305101,False,quad9,0.9999993201851248,1,0.28609414753524837,0,,63ab5ba67ce09a85
quad9_1,quad9_1_5,156,benign,benign,benign,1790001526.232939,1790001533.331964,False,quad9,0.999874618050974,1,0.00371092369660119,0,,63ab5ba67ce09a85
quad9_1,quad9_1_5,157,benign,benign,benign,1790001533.622008,1790001536.778604,False,quad9,0.00019520631347272872,0,9.963672410946494e-05,0,,63ab5ba67ce09a85
quad9_1,quad9_1_5,158,benign,benign,benign,1790001536.688965,1790001550.734891,False,quad9,0.9999991916457216,1,0.9924694397759515,1,,63ab5ba67ce09a85
quad9_1,quad9_1_5,159,benign,benign,benign,1790001551.347304,1790001553.681029,False,quad9,4.3981145676646416e-05,0,0.00012178603171007298,0,,63ab5ba67ce09a85
quad9_1,quad9_1_5,160,benign,benign,benign,1790001554.343624,1790001556.931189,False,quad9,4.2005805842895505e-06,0,8.852592932002441e-05,0,,63ab5ba67ce09a85
quad9_1,quad9_1_5,161,benign,benign,benign,1790001557.393518,1790001561.026135,False,quad9,0.999999553459882,1,0.7615972007894765,1,,63ab5ba67ce09a85
quad9_1,quad9_1_5,162,benign,benign,benign,1790001561.982338,1790001571.170133,False,quad9,0.9998771576273404,1,0.004193354324627444,0,,63ab5ba67ce09a85
quad9_1,quad9_1_5,163,benign,benign,benign,1790001571.473962,1790001574.413848,False,quad9,0.06688809290410225,0,0.00012739793496030586,0,,63ab5ba67ce09a85
quad9_1,quad9_1_5,164,benign,benign,benign,1790001574.911108,1790001579.001809,False,quad9,0.9999991726592302,1,0.845821909565162,1,,63ab5ba67ce09a85
quad9_1,quad9_1_5,165,benign,benign,benign,1790001579.337819,1790001582.104886,False,quad9,2.6162061076703028e-06,0,0.00011749337832418958,0,,63ab5ba67ce09a85
quad9_1,quad9_1_5,166,benign,benign,benign,1790001582.05152,1790001597.149759,False,quad9,0.9998673890437967,1,0.003407068234595103,0,,63ab5ba67ce09a85
quad9_1,quad9_1_5,167,benign,benign,benign,1790001598.20629,1790001599.230034,False,quad9,0.9999994417635553,1,0.8882687239207442,1,,63ab5ba67ce09a85
quad9_1,quad9_1_5,168,benign,benign,benign,1790001599.659209,1790001601.53227,False,quad9,1.3449104044196223e-05,0,7.12908889321048e-05,0,,63ab5ba67ce09a85
quad9_1,quad9_1_5,169,benign,benign,benign,1790001602.04693,1790001614.436626,False,quad9,0.999874618050974,1,0.003407068234595103,0,,63ab5ba67ce09a85
quad9_1,quad9_1_5,170,benign,benign,benign,1790001615.34566,1790001617.234541,False,quad9,0.9999994297669027,1,0.8221058310093742,1,,63ab5ba67ce09a85
quad9_1,quad9_1_5,171,benign,benign,benign,1790001617.454617,1790001622.620008,False,quad9,0.9998771576273404,1,0.0008101039441611036,0,,63ab5ba67ce09a85
quad9_1,quad9_1_5,172,benign,benign,benign,1790001623.186263,1790001624.397131,False,quad9,0.02344599732584759,0,0.005451199564247758,0,,63ab5ba67ce09a85
quad9_1,quad9_1_5,173,benign,benign,benign,1790001625.122419,1790001627.605422,False,quad9,0.9999995846118253,1,0.5435638129926755,1,,63ab5ba67ce09a85
quad9_1,quad9_1_5,174,benign,benign,benign,1790001628.137713,1790001629.977143,False,quad9,0.006876094909089827,0,5.6273640765687154e-05,0,,63ab5ba67ce09a85
quad9_1,quad9_1_5,175,benign,benign,benign,1790001630.986765,1790001632.994349,False,quad9,0.004763443774526581,0,0.00018740936089319107,0,,63ab5ba67ce09a85
quad9_1,quad9_1_6,176,dga,bazarbackdoor,dga:bazarbackdoor,1790001713.72304,1790001713.785056,False,quad9,0.9999961788922872,1,0.2151238275043554,0,,63ab5ba67ce09a85
quad9_1,quad9_1_6,177,dga,bazarbackdoor,dga:bazarbackdoor,1790001713.730261,1790001728.293875,False,quad9,0.9999988967902282,1,0.9903035897548137,1,,63ab5ba67ce09a85
quad9_1,quad9_1_6,178,dga,bazarbackdoor,dga:bazarbackdoor,1790001729.328952,1790001732.21084,False,quad9,0.15900234763990495,0,0.0001385997176952446,0,,63ab5ba67ce09a85
quad9_1,quad9_1_6,179,dga,bazarbackdoor,dga:bazarbackdoor,1790001732.776594,1790001747.607925,False,quad9,0.9998673890437967,1,0.003407068234595103,0,,63ab5ba67ce09a85
quad9_1,quad9_1_6,180,dga,bazarbackdoor,dga:bazarbackdoor,1790001748.285832,1790001750.512859,False,quad9,0.9999994297669027,1,0.9699545119749444,1,,63ab5ba67ce09a85
quad9_1,quad9_1_6,181,dga,bazarbackdoor,dga:bazarbackdoor,1790001751.157749,1790001778.909762,False,quad9,0.9999868559095408,1,0.6204569970194813,1,,63ab5ba67ce09a85
quad9_1,quad9_1_6,182,dga,bazarbackdoor,dga:bazarbackdoor,1790001779.558842,1790001792.17316,False,quad9,0.9998673890437967,1,0.003407068234595103,0,,63ab5ba67ce09a85
quad9_1,quad9_1_6,183,dga,bazarbackdoor,dga:bazarbackdoor,1790001792.6227,1790001800.898841,False,quad9,0.9999992891203557,1,0.8675134171052428,1,,63ab5ba67ce09a85
quad9_1,quad9_1_6,184,dga,bazarbackdoor,dga:bazarbackdoor,1790001801.511369,1790001804.96329,False,quad9,0.49809265540883796,0,0.00025893481723160227,0,,63ab5ba67ce09a85
quad9_1,quad9_1_6,185,dga,bazarbackdoor,dga:bazarbackdoor,1790001805.8065,1790001808.496127,False,quad9,0.2436743348295457,0,0.00012642810799500523,0,,63ab5ba67ce09a85
quad9_1,quad9_1_6,186,dga,bazarbackdoor,dga:bazarbackdoor,1790001809.246142,1790001817.070789,False,quad9,0.9999992640501562,1,0.8569509281957864,1,,63ab5ba67ce09a85
quad9_1,quad9_1_6,187,dga,bazarbackdoor,dga:bazarbackdoor,1790001817.412678,1790001820.317202,False,quad9,0.9998895277619797,1,0.00012056412554280596,0,,63ab5ba67ce09a85
quad9_1,quad9_1_6,188,dga,bazarbackdoor,dga:bazarbackdoor,1790001820.961823,1790001827.369237,False,quad9,0.9998771576273404,1,0.0042040624966802,0,,63ab5ba67ce09a85
quad9_1,quad9_1_6,189,dga,bazarbackdoor,dga:bazarbackdoor,1790001828.306211,1790001829.46355,False,quad9,0.9999994417635553,1,0.9636273681643399,1,,63ab5ba67ce09a85
quad9_1,quad9_1_6,190,dga,bazarbackdoor,dga:bazarbackdoor,1790001830.164297,1790001831.499722,False,quad9,0.022189181708755588,0,0.006242969673475641,0,,63ab5ba67ce09a85
quad9_1,quad9_1_6,191,dga,bazarbackdoor,dga:bazarbackdoor,1790001832.086716,1790001836.046215,False,quad9,0.9998755668548668,1,0.00023800973354835524,0,,63ab5ba67ce09a85
quad9_1,quad9_1_6,192,dga,bazarbackdoor,dga:bazarbackdoor,1790001836.822975,1790001841.729878,False,quad9,0.9999993118939751,1,0.6113311492101844,1,,63ab5ba67ce09a85
quad9_1,quad9_1_6,193,dga,bazarbackdoor,dga:bazarbackdoor,1790001842.497046,1790001843.555687,False,quad9,0.022792994964478463,0,0.0061144066777799756,0,,63ab5ba67ce09a85
quad9_1,quad9_1_6,194,dga,bazarbackdoor,dga:bazarbackdoor,1790001844.21267,1790001846.2379,False,quad9,0.006950267858808133,0,0.00013256693625764878,0,,63ab5ba67ce09a85
quad9_1,quad9_1_6,195,dga,bazarbackdoor,dga:bazarbackdoor,1790001846.708551,1790001850.308125,False,quad9,0.9999995911395254,1,0.7939809059945365,1,,63ab5ba67ce09a85
quad9_1,quad9_1_6,196,dga,bazarbackdoor,dga:bazarbackdoor,1790001851.28428,1790001854.561819,False,quad9,0.9998821224402527,1,0.0001794675063967823,0,,63ab5ba67ce09a85
quad9_1,quad9_1_6,197,dga,bazarbackdoor,dga:bazarbackdoor,1790001855.530427,1790001868.606177,False,quad9,0.9998859885999498,1,0.008537861189957734,0,,63ab5ba67ce09a85
quad9_1,quad9_1_7,198,dga,flubot,dga:flubot,1790001943.867832,1790001943.939966,False,quad9,0.9999961788922872,1,0.1671304134568814,0,,63ab5ba67ce09a85
quad9_1,quad9_1_7,199,dga,flubot,dga:flubot,1790001943.869883,1790001955.233952,False,quad9,0.9999989197474447,1,0.9911018169685819,1,,63ab5ba67ce09a85
quad9_1,quad9_1_7,200,dga,flubot,dga:flubot,1790001955.643335,1790001959.070495,False,quad9,0.9998578427397063,1,0.0005326342713334173,0,,63ab5ba67ce09a85
quad9_1,quad9_1_7,201,dga,flubot,dga:flubot,1790001959.905792,1790001962.85457,False,quad9,0.9998895277619797,1,0.00015465983837696212,0,,63ab5ba67ce09a85
quad9_1,quad9_1_7,203,dga,flubot,dga:flubot,1790001962.844448,1790001964.369987,False,quad9,0.999999046927923,1,0.2885367301696582,0,,63ab5ba67ce09a85
quad9_1,quad9_1_7,202,dga,flubot,dga:flubot,1790001962.841442,1790001965.488581,False,quad9,0.9999989801221624,1,0.585980849522906,1,,63ab5ba67ce09a85
quad9_1,quad9_1_7,204,dga,flubot,dga:flubot,1790001966.30992,1790001972.065832,False,quad9,0.9998771576273404,1,0.00023777956406883274,0,,63ab5ba67ce09a85
quad9_1,quad9_1_7,205,dga,flubot,dga:flubot,1790001972.516897,1790001977.772953,False,quad9,0.9998771576273404,1,0.0002451053096846641,0,,63ab5ba67ce09a85
quad9_1,quad9_1_7,206,dga,flubot,dga:flubot,1790001977.968179,1790001984.437423,False,quad9,0.9998745282930523,1,0.002827779822593805,0,,63ab5ba67ce09a85
quad9_1,quad9_1_7,207,dga,flubot,dga:flubot,1790001985.064975,1790001987.396963,False,quad9,5.543381193613162e-06,0,8.808890146779443e-05,0,,63ab5ba67ce09a85
quad9_1,quad9_1_7,208,dga,flubot,dga:flubot,1790001987.975472,1790001991.425356,False,quad9,0.9999988823205641,1,0.7797846767859027,1,,63ab5ba67ce09a85
quad9_1,quad9_1_7,209,dga,flubot,dga:flubot,1790001991.412465,1790001993.671743,False,quad9,0.00294239556223635,0,0.00012045488695835687,0,,63ab5ba67ce09a85
quad9_1,quad9_1_7,210,dga,flubot,dga:flubot,1790001994.290928,1790001998.354216,False,quad9,0.9998699975340072,1,0.0004917206719864699,0,,63ab5ba67ce09a85
quad9_1,quad9_1_7,211,dga,flubot,dga:flubot,1790001999.168917,1790002007.777167,False,quad9,0.9999992158840969,1,0.9526761599148834,1,,63ab5ba67ce09a85
quad9_1,quad9_1_7,212,dga,flubot,dga:flubot,1790002008.513861,1790002009.858918,False,quad9,0.007545621464020778,0,0.00495998833360097,0,,63ab5ba67ce09a85
quad9_1,quad9_1_7,213,dga,flubot,dga:flubot,1790002010.501389,1790002016.707479,False,quad9,0.9998343788511008,1,0.0030756890728597937,0,,63ab5ba67ce09a85
quad9_1,quad9_1_7,214,dga,flubot,dga:flubot,1790002016.798437,1790002017.71178,False,quad9,0.9999993914506398,1,0.6735236672079715,1,,63ab5ba67ce09a85
quad9_1,quad9_1_7,215,dga,flubot,dga:flubot,1790002018.662651,1790002028.213641,False,quad9,0.9998771576273404,1,0.0035567623780517485,0,,63ab5ba67ce09a85
quad9_1,quad9_1_7,216,dga,flubot,dga:flubot,1790002028.894926,1790002030.741077,False,quad9,0.006876094909089827,0,5.6273640765687154e-05,0,,63ab5ba67ce09a85
quad9_1,quad9_1_7,217,dga,flubot,dga:flubot,1790002030.849078,1790002032.116257,False,quad9,0.9999993390152472,1,0.5191056731093585,1,,63ab5ba67ce09a85
quad9_1,quad9_1_7,218,dga,flubot,dga:flubot,1790002032.846309,1790002035.973774,False,quad9,0.999869613301233,1,0.00028269649150679076,0,,63ab5ba67ce09a85
quad9_1,quad9_1_7,219,dga,flubot,dga:flubot,1790002036.245414,1790002044.425667,False,quad9,0.9998781744281257,1,0.004322020452414855,0,,63ab5ba67ce09a85
quad9_1,quad9_1_7,220,dga,flubot,dga:flubot,1790002045.042258,1790002045.928222,False,quad9,0.9999993914506398,1,0.8671928615013362,1,,63ab5ba67ce09a85
quad9_1,quad9_1_7,221,dga,flubot,dga:flubot,1790002046.446425,1790002055.975551,False,quad9,0.999874618050974,1,0.0030148231809003475,0,,63ab5ba67ce09a85
quad9_1,quad9_1_7,222,dga,flubot,dga:flubot,1790002056.316286,1790002063.921689,False,quad9,0.999874618050974,1,0.00371092369660119,0,,63ab5ba67ce09a85
quad9_1,quad9_1_7,223,dga,flubot,dga:flubot,1790002064.478137,1790002072.963428,False,quad9,0.9999995286771656,1,0.9800918760139212,1,,63ab5ba67ce09a85
quad9_1,quad9_1_7,224,dga,flubot,dga:flubot,1790002073.880085,1790002078.439037,False,quad9,0.9998781744281257,1,0.0006490884085289519,0,,63ab5ba67ce09a85
quad9_1,quad9_1_7,225,dga,flubot,dga:flubot,1790002078.717115,1790002084.037482,False,quad9,0.9998699975340072,1,0.002351097631875006,0,,63ab5ba67ce09a85
quad9_1,quad9_1_7,226,dga,flubot,dga:flubot,1790002084.51773,1790002088.223401,False,quad9,0.9999995716204638,1,0.8562559629304827,1,,63ab5ba67ce09a85
quad9_1,quad9_1_7,227,dga,flubot,dga:flubot,1790002088.858848,1790002093.625651,False,quad9,0.9998342329634163,1,0.0003429337633774131,0,,63ab5ba67ce09a85
quad9_1,quad9_1_8,228,dga,zloader,dga:zloader,1790002174.20433,1790002174.33099,False,quad9,0.999997512237829,1,0.02810201612940426,0,,63ab5ba67ce09a85
quad9_1,quad9_1_8,229,dga,zloader,dga:zloader,1790002174.210302,1790002176.618788,False,quad9,0.27677327019483144,0,8.492665002544e-05,0,,63ab5ba67ce09a85
quad9_1,quad9_1_8,230,dga,zloader,dga:zloader,1790002176.989919,1790002178.906111,False,quad9,0.9999996742366353,1,0.7733551725052569,1,,63ab5ba67ce09a85
quad9_1,quad9_1_8,231,dga,zloader,dga:zloader,1790002179.816389,1790002183.914739,False,quad9,0.9998578427397063,1,0.000313575478639468,0,,63ab5ba67ce09a85
quad9_1,quad9_1_8,232,dga,zloader,dga:zloader,1790002184.536102,1790002185.464798,False,quad9,0.001791083754600147,0,0.0042420782024365855,0,,63ab5ba67ce09a85
quad9_1,quad9_1_8,233,dga,zloader,dga:zloader,1790002186.208925,1790002196.164099,False,quad9,0.9999985487004959,1,0.9887678470599032,1,,63ab5ba67ce09a85
quad9_1,quad9_1_8,234,dga,zloader,dga:zloader,1790002196.867659,1790002199.14958,False,quad9,0.7431276602388681,1,0.0001465188128848268,0,,63ab5ba67ce09a85
quad9_1,quad9_1_8,235,dga,zloader,dga:zloader,1790002200.045126,1790002202.531113,False,quad9,0.42766317176019647,0,7.355235702779766e-05,0,,63ab5ba67ce09a85
quad9_1,quad9_1_8,236,dga,zloader,dga:zloader,1790002202.798865,1790002220.10379,False,quad9,0.999997581472372,1,0.9944267768486639,1,,63ab5ba67ce09a85
quad9_1,quad9_1_8,237,dga,zloader,dga:zloader,1790002221.161306,1790002223.474839,False,quad9,0.7431276602388681,1,0.00016747773803237693,0,,63ab5ba67ce09a85
quad9_1,quad9_1_8,238,dga,zloader,dga:zloader,1790002224.474034,1790002226.287924,False,quad9,0.006553009304011058,0,8.058025776510531e-05,0,,63ab5ba67ce09a85
quad9_1,quad9_1_8,239,dga,zloader,dga:zloader,1790002226.520824,1790002235.295529,False,quad9,0.9999992998572836,1,0.9417946529886956,1,,63ab5ba67ce09a85
quad9_1,quad9_1_8,240,dga,zloader,dga:zloader,1790002235.931073,1790002239.174778,False,quad9,0.005523745396690299,0,0.00011268656269658231,0,,63ab5ba67ce09a85
quad9_1,quad9_1_8,241,dga,zloader,dga:zloader,1790002240.286755,1790002250.470091,False,quad9,0.9998771576273404,1,0.00469044696693579,0,,63ab5ba67ce09a85
quad9_1,quad9_1_8,242,dga,zloader,dga:zloader,1790002250.808992,1790002253.73732,False,quad9,0.9999993109585932,1,0.9715235442969549,1,,63ab5ba67ce09a85
quad9_1,quad9_1_8,243,dga,zloader,dga:zloader,1790002254.077877,1790002259.587485,False,quad9,0.9998755668548668,1,0.0002015607691285813,0,,63ab5ba67ce09a85
quad9_1,quad9_1_8,244,dga,zloader,dga:zloader,1790002260.368313,1790002261.173538,False,quad9,7.368881439235641e-05,0,0.00031258501325180454,0,,63ab5ba67ce09a85
quad9_1,quad9_1_8,245,dga,zloader,dga:zloader,1790002261.129959,1790002271.846942,False,quad9,0.9999992501985238,1,0.882327584286261,1,,63ab5ba67ce09a85
quad9_1,quad9_1_8,246,dga,zloader,dga:zloader,1790002272.444198,1790002277.614587,False,quad9,0.9998771576273404,1,0.0003485263091563929,0,,63ab5ba67ce09a85
quad9_1,quad9_1_8,247,dga,zloader,dga:zloader,1790002278.621638,1790002284.611674,False,quad9,0.9998771576273404,1,0.0004170073323963672,0,,63ab5ba67ce09a85
quad9_1,quad9_1_8,248,dga,zloader,dga:zloader,1790002285.533551,1790002286.810339,False,quad9,0.9999993390152472,1,0.4266735751819371,0,,63ab5ba67ce09a85
quad9_1,quad9_1_8,249,dga,zloader,dga:zloader,1790002287.753826,1790002289.225705,False,quad9,0.0021116145402525336,0,0.006741696184176357,0,,63ab5ba67ce09a85
quad9_1,quad9_1_8,250,dga,zloader,dga:zloader,1790002290.347835,1790002294.580272,False,quad9,0.9998343788511008,1,0.0002872190582193798,0,,63ab5ba67ce09a85
quad9_1,quad9_1_8,251,dga,zloader,dga:zloader,1790002295.347293,1790002299.981392,False,quad9,0.9999995814023208,1,0.9237829056817067,1,,63ab5ba67ce09a85
quad9_1,quad9_1_8,252,dga,zloader,dga:zloader,1790002300.241166,1790002314.205726,False,quad9,0.9998673890437967,1,0.003407068234595103,0,,63ab5ba67ce09a85
quad9_1,quad9_1_8,253,dga,zloader,dga:zloader,1790002315.248636,1790002317.733706,False,quad9,0.0008470312508392704,0,0.00014905676913771443,0,,63ab5ba67ce09a85
quad9_1,quad9_1_8,254,dga,zloader,dga:zloader,1790002318.388507,1790002339.102452,False,quad9,0.9999989768067097,1,0.9112044307264355,1,,63ab5ba67ce09a85
quad9_1,quad9_1_9,255,benign,benign,benign,1790002404.318929,1790002405.151243,False,quad9,0.9999993914506398,1,0.8301201576406676,1,,63ab5ba67ce09a85
quad9_1,quad9_1_9,256,benign,benign,benign,1790002405.603817,1790002412.579073,False,quad9,0.999874618050974,1,0.0038736919523880116,0,,63ab5ba67ce09a85
quad9_1,quad9_1_9,257,benign,benign,benign,1790002413.401987,1790002421.640087,False,quad9,0.9998771576273404,1,0.004193354324627444,0,,63ab5ba67ce09a85
quad9_1,quad9_1_9,258,benign,benign,benign,1790002422.30842,1790002425.523836,False,quad9,0.9999993833476882,1,0.8490450734631947,1,,63ab5ba67ce09a85
quad9_1,quad9_1_9,259,benign,benign,benign,1790002426.233731,1790002443.525954,False,quad9,0.9998673890437967,1,0.003407068234595103,0,,63ab5ba67ce09a85
quad9_1,quad9_1_9,260,benign,benign,benign,1790002444.137693,1790002447.056055,False,quad9,0.001695790334688542,0,0.00014548053041482843,0,,63ab5ba67ce09a85
quad9_1,quad9_1_9,261,benign,benign,benign,1790002447.000163,1790002451.914829,False,quad9,0.9999994902992935,1,0.8392188877251087,1,,63ab5ba67ce09a85
quad9_1,quad9_1_9,262,benign,benign,benign,1790002452.308275,1790002457.216791,False,quad9,0.9998781744281257,1,0.0006789268036843554,0,,63ab5ba67ce09a85
quad9_1,quad9_1_9,263,benign,benign,benign,1790002458.047202,1790002462.825264,False,quad9,0.9998771576273404,1,0.0005979129372526727,0,,63ab5ba67ce09a85
quad9_1,quad9_1_9,264,benign,benign,benign,1790002463.879439,1790002466.102267,False,quad9,0.9999995947346086,1,0.6624390727636358,1,,63ab5ba67ce09a85
quad9_1,quad9_1_9,265,benign,benign,benign,1790002466.588908,1790002469.502529,False,quad9,0.9998895277619797,1,0.00014232175283651068,0,,63ab5ba67ce09a85
quad9_1,quad9_1_9,266,benign,benign,benign,1790002469.658907,1790002475.794148,False,quad9,0.9998781744281257,1,0.0038736919523880116,0,,63ab5ba67ce09a85
quad9_1,quad9_1_9,267,benign,benign,benign,1790002476.203836,1790002479.06374,False,quad9,0.9999995911395254,1,0.7769686696294985,1,,63ab5ba67ce09a85
quad9_1,quad9_1_9,268,benign,benign,benign,1790002479.813781,1790002486.914087,False,quad9,0.9998700205120105,1,0.00010165437957982712,0,,63ab5ba67ce09a85
quad9_1,quad9_1_9,269,benign,benign,benign,1790002486.86073,1790002490.275497,False,quad9,0.9998343788511008,1,0.00011129962638379884,0,,63ab5ba67ce09a85
quad9_1,quad9_1_9,270,benign,benign,benign,1790002490.704115,1790002508.002997,False,quad9,0.9999967109711412,1,0.9946198139725319,1,,63ab5ba67ce09a85
quad9_1,quad9_1_9,271,benign,benign,benign,1790002508.485015,1790002510.798321,False,quad9,7.4794170680189985e-06,0,7.972375451224413e-05,0,,63ab5ba67ce09a85
quad9_1,quad9_1_9,272,benign,benign,benign,1790002510.740607,1790002514.133311,False,quad9,6.1022097838209725e-06,0,8.421422150630796e-05,0,,63ab5ba67ce09a85
quad9_1,quad9_1_9,273,benign,benign,benign,1790002514.76426,1790002524.791934,False,quad9,0.999999128499549,1,0.9901606403407007,1,,63ab5ba67ce09a85
quad9_1,quad9_1_9,274,benign,benign,benign,1790002525.156681,1790002542.253711,False,quad9,0.999874618050974,1,0.003407068234595103,0,,63ab5ba67ce09a85
quad9_1,quad9_1_9,275,benign,benign,benign,1790002542.633273,1790002550.11967,False,quad9,0.9998771576273404,1,0.0033343345314748494,0,,63ab5ba67ce09a85
quad9_1,quad9_1_9,276,benign,benign,benign,1790002550.696784,1790002624.420333,False,quad9,0.9999990748189134,1,0.904243132766483,1,,63ab5ba67ce09a85
quad9_1,quad9_1_10,277,benign,benign,benign,1790002635.050017,1790002636.230463,False,quad9,0.024305274161985326,0,0.0056552916453140095,0,,63ab5ba67ce09a85
quad9_1,quad9_1_10,278,benign,benign,benign,1790002636.505891,1790002637.496939,False,quad9,0.00011378836027580366,0,0.005155250614418144,0,,63ab5ba67ce09a85
quad9_1,quad9_1_10,279,benign,benign,benign,1790002638.449872,1790002641.78224,False,quad9,0.9999995275566618,1,0.7066838896652672,1,,63ab5ba67ce09a85
quad9_1,quad9_1_10,280,benign,benign,benign,1790002641.724774,1790002643.287708,False,quad9,0.004883707212747087,0,0.005840934868562383,0,,63ab5ba67ce09a85
quad9_1,quad9_1_10,281,benign,benign,benign,1790002643.648663,1790002645.666643,False,quad9,0.006950267858808133,0,0.00013256693625764878,0,,63ab5ba67ce09a85
quad9_1,quad9_1_10,282,benign,benign,benign,1790002646.276385,1790002653.300112,False,quad9,0.9999992891203557,1,0.8904446999999569,1,,63ab5ba67ce09a85
quad9_1,quad9_1_10,283,benign,benign,benign,1790002653.731093,1790002654.902882,False,quad9,0.0033704961647043224,0,6.242383305250292e-05,0,,63ab5ba67ce09a85
quad9_1,quad9_1_10,284,benign,benign,benign,1790002655.381679,1790002663.88461,False,quad9,0.9998771576273404,1,0.003407068234595103,0,,63ab5ba67ce09a85
quad9_1,quad9_1_10,285,benign,benign,benign,1790002664.657091,1790002665.599761,False,quad9,0.9999993308298759,1,0.5106416219499087,1,,63ab5ba67ce09a85
quad9_1,quad9_1_10,286,benign,benign,benign,1790002666.664433,1790002667.983837,False,quad9,0.022189181708755588,0,0.004051987114583038,0,,63ab5ba67ce09a85
quad9_1,quad9_1_10,287,benign,benign,benign,1790002668.81011,1790002673.64477,False,quad9,0.9998404772967854,1,0.0003429337633774131,0,,63ab5ba67ce09a85
quad9_1,quad9_1_10,288,benign,benign,benign,1790002674.205742,1790002675.296217,False,quad9,0.9999993914506398,1,0.5140924980732774,1,,63ab5ba67ce09a85
quad9_1,quad9_1_10,289,benign,benign,benign,1790002675.65981,1790002678.506057,False,quad9,0.9998895277619797,1,0.0003043385421769518,0,,63ab5ba67ce09a85
quad9_1,quad9_1_10,290,benign,benign,benign,1790002678.854138,1790002680.121799,False,quad9,0.017896430204078564,0,0.003099035013153366,0,,63ab5ba67ce09a85
quad9_1,quad9_1_10,291,benign,benign,benign,1790002680.327495,1790002682.962917,False,quad9,0.9999995867997817,1,0.569665545566645,1,,63ab5ba67ce09a85
quad9_1,quad9_1_10,292,benign,benign,benign,1790002683.304963,1790002687.281497,False,quad9,0.9998781744281257,1,0.00016567744959671409,0,,63ab5ba67ce09a85
quad9_1,quad9_1_10,293,benign,benign,benign,1790002687.539975,1790002692.658478,False,quad9,0.9998755668548668,1,0.0031875609091272547,0,,63ab5ba67ce09a85
quad9_1,quad9_1_10,294,benign,benign,benign,1790002692.853667,1790002701.490296,False,quad9,0.9999977261872436,1,0.991902794717932,1,,63ab5ba67ce09a85
quad9_1,quad9_1_10,295,benign,benign,benign,1790002702.367794,1790002725.167628,False,quad9,0.9998673890437967,1,0.003407068234595103,0,,63ab5ba67ce09a85
quad9_1,quad9_1_10,296,benign,benign,benign,1790002726.121395,1790002727.803248,False,quad9,0.0034566145273933545,0,0.00010562590598342005,0,,63ab5ba67ce09a85
quad9_1,quad9_1_10,297,benign,benign,benign,1790002728.511573,1790002731.263092,False,quad9,0.9999995911395254,1,0.4680083435229042,0,,63ab5ba67ce09a85
quad9_1,quad9_1_10,298,benign,benign,benign,1790002732.232113,1790002737.113242,False,quad9,0.9998771576273404,1,0.0005979129372526727,0,,63ab5ba67ce09a85
quad9_1,quad9_1_10,299,benign,benign,benign,1790002737.35931,1790002747.445888,False,quad9,0.999874618050974,1,0.003407068234595103,0,,63ab5ba67ce09a85
quad9_1,quad9_1_10,300,benign,benign,benign,1790002748.064799,1790002752.754438,False,quad9,0.9999993942995505,1,0.8593697350536865,1,,63ab5ba67ce09a85
quad9_1,quad9_1_10,301,benign,benign,benign,1790002753.219122,1790002758.0807,False,quad9,0.9998781744281257,1,0.00026400886733515686,0,,63ab5ba67ce09a85
quad9_1,quad9_1_10,302,benign,benign,benign,1790002758.029727,1790002759.601755,False,quad9,1.9378481003256983e-05,0,0.0006017545980588218,0,,63ab5ba67ce09a85
quad9_1,quad9_1_10,303,benign,benign,benign,1790002760.420184,1790002761.748574,False,quad9,0.9999994417635553,1,0.8844582188332711,1,,63ab5ba67ce09a85
quad9_1,quad9_1_10,304,benign,benign,benign,1790002761.996329,1790002768.184866,False,quad9,0.999874618050974,1,0.00023777956406883274,0,,63ab5ba67ce09a85
quad9_1,quad9_1_10,305,benign,benign,benign,1790002768.476512,1790002772.551949,False,quad9,0.999847958107251,1,0.0004917206719864699,0,,63ab5ba67ce09a85
quad9_1,quad9_1_10,306,benign,benign,benign,1790002773.330869,1790002776.283257,False,quad9,0.9999996395792319,1,0.5868229645829907,1,,63ab5ba67ce09a85
quad9_1,quad9_1_10,307,benign,benign,benign,1790002777.210325,1790002785.188646,False,quad9,0.999858408693176,1,0.0022520318500240783,0,,63ab5ba67ce09a85
quad9_1,quad9_1_11,308,benign,benign,benign,1790002865.839321,1790002869.018159,False,quad9,0.9998821224402527,1,0.00012278833182960563,0,,63ab5ba67ce09a85
quad9_1,quad9_1_11,309,benign,benign,benign,1790002869.507362,1790002871.017038,False,quad9,0.9999992511764347,1,0.716850387762514,1,,63ab5ba67ce09a85
quad9_1,quad9_1_11,310,benign,benign,benign,1790002871.513323,1790002880.684761,False,quad9,0.9998844209151092,1,0.0026490719327437007,0,,63ab5ba67ce09a85
quad9_1,quad9_1_11,311,benign,benign,benign,1790002881.275221,1790002904.264278,False,quad9,0.9998673890437967,1,0.004042368891875749,0,,63ab5ba67ce09a85
quad9_1,quad9_1_11,312,benign,benign,benign,1790002905.320811,1790002915.224457,False,quad9,0.9999993446633713,1,0.9799744304737821,1,,63ab5ba67ce09a85
quad9_1,quad9_1_11,313,benign,benign,benign,1790002915.481498,1790002920.716532,False,quad9,0.9998404772967854,1,0.002351097631875006,0,,63ab5ba67ce09a85
quad9_1,quad9_1_11,314,benign,benign,benign,1790002921.558401,1790002925.189907,False,quad9,0.01144246960007083,0,0.0001269898138617203,0,,63ab5ba67ce09a85
quad9_1,quad9_1_11,315,benign,benign,benign,1790002926.158602,1790002935.352665,False,quad9,0.9999990131280789,1,0.9909858864627862,1,,63ab5ba67ce09a85
quad9_1,quad9_1_11,316,benign,benign,benign,1790002936.016699,1790002937.434624,False,quad9,2.6002106704274895e-05,0,0.0003077073433396965,0,,63ab5ba67ce09a85
quad9_1,quad9_1_11,317,benign,benign,benign,1790002938.13897,1790002941.440346,False,quad9,0.999859402588318,1,0.00018024444784976788,0,,63ab5ba67ce09a85
quad9_1,quad9_1_11,318,benign,benign,benign,1790002941.619609,1790002943.639454,False,quad9,0.9999991429313098,1,0.8966664720740344,1,,63ab5ba67ce09a85
quad9_1,quad9_1_11,319,benign,benign,benign,1790002944.073083,1790002948.866136,False,quad9,0.9998755668548668,1,0.0003429337633774131,0,,63ab5ba67ce09a85
quad9_1,quad9_1_11,320,benign,benign,benign,1790002949.902568,1790002951.560107,False,quad9,0.004342131380058226,0,8.380321503863125e-05,0,,63ab5ba67ce09a85
quad9_1,quad9_1_11,321,benign,benign,benign,1790002952.466801,1790002957.458483,False,quad9,0.999999292991542,1,0.849624745529053,1,,63ab5ba67ce09a85
quad9_1,quad9_1_11,322,benign,benign,benign,1790002958.255604,1790002965.371249,False,quad9,0.9998781744281257,1,0.0034367340260733794,0,,63ab5ba67ce09a85
quad9_1,quad9_1_11,323,benign,benign,benign,1790002965.636046,1790002969.809189,False,quad9,0.9998755668548668,1,0.0004917206719864699,0,,63ab5ba67ce09a85
quad9_1,quad9_1_11,324,benign,benign,benign,1790002970.03072,1790002972.375577,False,quad9,0.9999988796317245,1,0.7198288389193914,1,,63ab5ba67ce09a85
quad9_1,quad9_1_11,325,benign,benign,benign,1790002973.371225,1790002976.636784,False,quad9,2.150579087096538e-05,0,0.00020627025943901862,0,,63ab5ba67ce09a85
quad9_1,quad9_1_11,326,benign,benign,benign,1790002977.358371,1790002979.21299,False,quad9,1.2340535867988211e-05,0,6.195839638611297e-05,0,,63ab5ba67ce09a85
quad9_1,quad9_1_11,327,benign,benign,benign,1790002979.534391,1790002981.811862,False,quad9,0.9999993691008021,1,0.7449062748901499,1,,63ab5ba67ce09a85
quad9_1,quad9_1_11,328,benign,benign,benign,1790002982.611626,1790002986.318283,False,quad9,0.10899990989949276,0,0.0001495818408131356,0,,63ab5ba67ce09a85
quad9_1,quad9_1_11,329,benign,benign,benign,1790002987.122091,1790002987.734299,False,quad9,0.012041549229329242,0,0.010638385576026687,0,,63ab5ba67ce09a85
quad9_1,quad9_1_11,330,benign,benign,benign,1790002988.528784,1790002990.469313,False,quad9,0.9999996742366353,1,0.9749615885169453,1,,63ab5ba67ce09a85
quad9_1,quad9_1_11,331,benign,benign,benign,1790002990.991949,1790002992.542688,False,quad9,0.0031613005537082235,0,6.342849061452994e-05,0,,63ab5ba67ce09a85
quad9_1,quad9_1_11,332,benign,benign,benign,1790002992.958108,1790002996.430189,False,quad9,0.9998821224402527,1,0.00028429255340553733,0,,63ab5ba67ce09a85
quad9_1,quad9_1_11,333,benign,benign,benign,1790002997.090706,1790003011.127822,False,quad9,0.999998887843844,1,0.9913980029225952,1,,63ab5ba67ce09a85
quad9_1,quad9_1_11,334,benign,benign,benign,1790003011.357621,1790003016.079306,False,quad9,0.0727680753114387,0,0.17826183530793402,0,,63ab5ba67ce09a85
quad9_1,quad9_1_12,337,dga,zloader,dga:zloader,1790003097.695543,1790003099.249032,False,quad9,0.999999267634648,1,0.4610966281664034,0,,63ab5ba67ce09a85
quad9_1,quad9_1_12,338,dga,zloader,dga:zloader,1790003099.494802,1790003102.575365,False,quad9,0.5589820711443685,1,0.00025629642960313197,0,,63ab5ba67ce09a85
quad9_1,quad9_1_12,339,dga,zloader,dga:zloader,1790003103.195817,1790003104.145303,False,quad9,2.8173121123383346e-05,0,0.005015765689699202,0,,63ab5ba67ce09a85
quad9_1,quad9_1_12,340,dga,zloader,dga:zloader,1790003104.417566,1790003106.440428,False,quad9,0.9999996157489552,1,0.6459771096249247,1,,63ab5ba67ce09a85
quad9_1,quad9_1_12,341,dga,zloader,dga:zloader,1790003107.526866,1790003115.177634,False,quad9,0.9998771576273404,1,0.0034367340260733794,0,,63ab5ba67ce09a85
quad9_1,quad9_1_12,342,dga,zloader,dga:zloader,1790003116.072331,1790003128.243611,False,quad9,0.9998673890437967,1,0.003407068234595103,0,,63ab5ba67ce09a85
quad9_1,quad9_1_12,343,dga,zloader,dga:zloader,1790003129.082663,1790003130.394002,False,quad9,0.9999994417635553,1,0.4502938679319055,0,,63ab5ba67ce09a85
quad9_1,quad9_1_12,344,dga,zloader,dga:zloader,1790003131.487113,1790003135.94904,False,quad9,0.9998781744281257,1,0.00019265683888036926,0,,63ab5ba67ce09a85
quad9_1,quad9_1_12,345,dga,zloader,dga:zloader,1790003136.690019,1790003143.387448,False,quad9,0.9998771576273404,1,0.0028576938849603603,0,,63ab5ba67ce09a85
quad9_1,quad9_1_12,346,dga,zloader,dga:zloader,1790003143.678263,1790003153.036921,False,quad9,0.9999993337973359,1,0.9134640054628599,1,,63ab5ba67ce09a85
quad9_1,quad9_1_12,347,dga,zloader,dga:zloader,1790003153.485328,1790003154.768827,False,quad9,0.022361421593280553,0,0.005588646714009123,0,,63ab5ba67ce09a85
quad9_1,quad9_1_12,348,dga,zloader,dga:zloader,1790003155.178998,1790003162.95756,False,quad9,0.9998771576273404,1,0.0033343345314748494,0,,63ab5ba67ce09a85
quad9_1,quad9_1_12,349,dga,zloader,dga:zloader,1790003162.929895,1790003169.319916,False,quad9,0.9999991279557698,1,0.7781829696039396,1,,63ab5ba67ce09a85
quad9_1,quad9_1_12,350,dga,zloader,dga:zloader,1790003170.300826,1790003175.405776,False,quad9,0.9998781744281257,1,0.0003485263091563929,0,,63ab5ba67ce09a85
quad9_1,quad9_1_12,351,dga,zloader,dga:zloader,1790003176.03527,1790003180.505451,False,quad9,0.12994774296760045,0,0.00012712255213017938,0,,63ab5ba67ce09a85
quad9_1,quad9_1_12,352,dga,zloader,dga:zloader,1790003181.138275,1790003182.599311,False,quad9,0.9999994417635553,1,0.9305575832026421,1,,63ab5ba67ce09a85
quad9_1,quad9_1_12,353,dga,zloader,dga:zloader,1790003183.2326,1790003188.018602,False,quad9,0.9998755668548668,1,0.0005583541177269979,0,,63ab5ba67ce09a85
quad9_1,quad9_1_12,354,dga,zloader,dga:zloader,1790003188.825592,1790003190.775941,False,quad9,0.3712725948157959,0,6.637725685156373e-05,0,,63ab5ba67ce09a85
quad9_1,quad9_1_12,355,dga,zloader,dga:zloader,1790003191.590046,1790003198.04332,False,quad9,0.9999995203499639,1,0.9340292025559036,1,,63ab5ba67ce09a85
quad9_1,quad9_1_12,356,dga,zloader,dga:zloader,1790003198.732086,1790003204.828162,False,quad9,0.9998771576273404,1,0.00032104016220696355,0,,63ab5ba67ce09a85
quad9_1,quad9_1_12,357,dga,zloader,dga:zloader,1790003205.42177,1790003206.311462,False,quad9,0.01962291328219836,0,0.004747722352669437,0,,63ab5ba67ce09a85
quad9_1,quad9_1_12,358,dga,zloader,dga:zloader,1790003206.976803,1790003213.311311,False,quad9,0.9999993167817667,1,0.9244169372562666,1,,63ab5ba67ce09a85
quad9_1,quad9_1_12,359,dga,zloader,dga:zloader,1790003214.225665,1790003218.307053,False,quad9,0.6091857699063292,1,0.00027742013934900717,0,,63ab5ba67ce09a85
quad9_1,quad9_1_12,360,dga,zloader,dga:zloader,1790003218.877156,1790003221.45919,False,quad9,0.2689489233356586,0,0.00012687698487956947,0,,63ab5ba67ce09a85
quad9_1,quad9_1_12,361,dga,zloader,dga:zloader,1790003222.339747,1790003224.275363,False,quad9,0.9999993691008021,1,0.3037019181297524,0,,63ab5ba67ce09a85
quad9_1,quad9_1_12,362,dga,zloader,dga:zloader,1790003224.946041,1790003225.882086,False,quad9,0.01962291328219836,0,0.006086212505415662,0,,63ab5ba67ce09a85
quad9_1,quad9_1_12,363,dga,zloader,dga:zloader,1790003226.517598,1790003231.886745,False,quad9,0.9998755668548668,1,0.0002015607691285813,0,,63ab5ba67ce09a85
quad9_1,quad9_1_12,364,dga,zloader,dga:zloader,1790003232.629234,1790003234.756034,False,quad9,0.9999989143531336,1,0.8312801531446572,1,,63ab5ba67ce09a85
quad9_1,quad9_1_12,365,dga,zloader,dga:zloader,1790003235.638362,1790003240.951979,False,quad9,0.9998755668548668,1,0.0003429337633774131,0,,63ab5ba67ce09a85
quad9_1,quad9_1_12,366,dga,zloader,dga:zloader,1790003241.303827,1790003242.988824,False,quad9,0.009982629876323292,0,6.030145037480087e-05,0,,63ab5ba67ce09a85
quad9_1,quad9_1_12,367,dga,zloader,dga:zloader,1790003243.748282,1790003245.668277,False,quad9,0.9999993201851248,1,0.892775352787915,1,,63ab5ba67ce09a85
quad9_1,quad9_1_13,368,dga,qsnatch,dga:qsnatch,1790003326.743766,1790003327.365132,False,quad9,0.01161067876383838,0,0.010638385576026687,0,,63ab5ba67ce09a85
quad9_1,quad9_1_13,369,dga,qsnatch,dga:qsnatch,1790003327.965968,1790003329.981965,False,quad9,0.008004903476392452,0,0.00012057960142820097,0,,63ab5ba67ce09a85
quad9_1,quad9_1_13,370,dga,qsnatch,dga:qsnatch,1790003330.98129,1790003344.914977,False,quad9,0.9999987805945195,1,0.9929689868803774,1,,63ab5ba67ce09a85
quad9_1,quad9_1_13,371,dga,qsnatch,dga:qsnatch,1790003344.93382,1790003346.715442,False,quad9,0.4179216951953231,0,7.380476153141322e-05,0,,63ab5ba67ce09a85
quad9_1,quad9_1_13,372,dga,qsnatch,dga:qsnatch,1790003347.338705,1790003349.340828,False,quad9,1.7852135350653453e-05,0,6.673880168222432e-05,0,,63ab5ba67ce09a85
quad9_1,quad9_1_13,373,dga,qsnatch,dga:qsnatch,1790003349.415542,1790003355.298108,False,quad9,0.9999995203499639,1,0.9635079205599653,1,,63ab5ba67ce09a85
quad9_1,quad9_1_13,374,dga,qsnatch,dga:qsnatch,1790003356.398238,1790003362.672396,False,quad9,0.999874618050974,1,0.0003284560581237902,0,,63ab5ba67ce09a85
quad9_1,quad9_1_13,375,dga,qsnatch,dga:qsnatch,1790003363.73402,1790003371.879728,False,quad9,0.999874618050974,1,0.002986667490724861,0,,63ab5ba67ce09a85
quad9_1,quad9_1_13,376,dga,qsnatch,dga:qsnatch,1790003372.649698,1790003387.132642,False,quad9,0.9999977266622171,1,0.9919564040678159,1,,63ab5ba67ce09a85
quad9_1,quad9_1_13,377,dga,qsnatch,dga:qsnatch,1790003387.615034,1790003396.588994,False,quad9,0.999874618050974,1,0.003407068234595103,0,,63ab5ba67ce09a85
quad9_1,quad9_1_13,378,dga,qsnatch,dga:qsnatch,1790003397.585969,1790003399.359427,False,quad9,0.0030576483586038468,0,0.0001008403675030741,0,,63ab5ba67ce09a85
quad9_1,quad9_1_13,379,dga,qsnatch,dga:qsnatch,1790003399.638662,1790003404.969146,False,quad9,0.9999994849245957,1,0.9633708059646379,1,,63ab5ba67ce09a85
quad9_1,quad9_1_13,380,dga,qsnatch,dga:qsnatch,1790003405.093242,1790003408.421044,False,quad9,0.9998343788511008,1,0.00022913085942776994,0,,63ab5ba67ce09a85
quad9_1,quad9_1_13,381,dga,qsnatch,dga:qsnatch,1790003409.294108,1790003416.668818,False,quad9,0.9998771576273404,1,0.004322020452414855,0,,63ab5ba67ce09a85
quad9_1,quad9_1_13,382,dga,qsnatch,dga:qsnatch,1790003417.105221,1790003429.720826,False,quad9,0.9999991905541172,1,0.9929689868803774,1,,63ab5ba67ce09a85
quad9_1,quad9_1_13,383,dga,qsnatch,dga:qsnatch,1790003430.314099,1790003431.323444,False,quad9,0.020580033141838514,0,0.003268213019226615,0,,63ab5ba67ce09a85
quad9_1,quad9_1_13,384,dga,qsnatch,dga:qsnatch,1790003431.590245,1790003432.932667,False,quad9,0.01432894084404837,0,3.229304112929094e-05,0,,63ab5ba67ce09a85
quad9_1,quad9_1_13,385,dga,qsnatch,dga:qsnatch,1790003433.445079,1790003453.200755,False,quad9,0.9999963249138186,1,0.9946004038186047,1,,63ab5ba67ce09a85
quad9_1,quad9_1_13,386,dga,qsnatch,dga:qsnatch,1790003453.608414,1790003454.361896,False,quad9,3.8606934883566594e-05,0,0.006099854256908669,0,,63ab5ba67ce09a85
quad9_1,quad9_1_13,387,dga,qsnatch,dga:qsnatch,1790003455.271359,1790003465.260279,False,quad9,0.999874618050974,1,0.003407068234595103,0,,63ab5ba67ce09a85
quad9_1,quad9_1_13,388,dga,qsnatch,dga:qsnatch,1790003465.643577,1790003539.127413,False,quad9,0.9999989974217767,1,0.8779574494428951,1,,63ab5ba67ce09a85
quad9_1,quad9_1_14,389,benign,benign,benign,1790003556.799251,1790003560.779911,False,quad9,0.9999995716204638,1,0.8345612320226196,1,,63ab5ba67ce09a85
quad9_1,quad9_1_14,390,benign,benign,benign,1790003561.312496,1790003562.853763,False,quad9,0.0037954159459016893,0,9.426490933334082e-05,0,,63ab5ba67ce09a85
quad9_1,quad9_1_14,391,benign,benign,benign,1790003563.207129,1790003566.404037,False,quad9,3.323512339159847e-06,0,5.7182011847670986e-05,0,,63ab5ba67ce09a85
quad9_1,quad9_1_14,392,benign,benign,benign,1790003566.35521,1790003567.445473,False,quad9,0.9999976630899203,1,0.5373856875121906,1,,63ab5ba67ce09a85
quad9_1,quad9_1_14,393,benign,benign,benign,1790003568.026081,1790003574.732798,False,quad9,0.9998673890437967,1,0.00017456832064871515,0,,63ab5ba67ce09a85
quad9_1,quad9_1_14,394,benign,benign,benign,1790003575.355812,1790003582.228169,False,quad9,0.9998755668548668,1,0.002827779822593805,0,,63ab5ba67ce09a85
quad9_1,quad9_1_14,395,benign,benign,benign,1790003583.141653,1790003584.453214,False,quad9,0.9999993390152472,1,0.7164453635003657,1,,63ab5ba67ce09a85
quad9_1,quad9_1_14,396,benign,benign,benign,1790003584.90324,1790003601.344757,False,quad9,0.9998673890437967,1,0.004042368891875749,0,,63ab5ba67ce09a85
quad9_1,quad9_1_14,397,benign,benign,benign,1790003601.605901,1790003602.951636,False,quad9,0.006491194530029537,0,0.00495998833360097,0,,63ab5ba67ce09a85
quad9_1,quad9_1_14,398,benign,benign,benign,1790003603.905041,1790003605.39616,False,quad9,0.9999994455617324,1,0.3785394541617922,0,,63ab5ba67ce09a85
quad9_1,quad9_1_14,399,benign,benign,benign,1790003606.402135,1790003613.155217,False,quad9,0.999858408693176,1,0.00025286230783468853,0,,63ab5ba67ce09a85
quad9_1,quad9_1_14,400,benign,benign,benign,1790003613.106499,1790003618.883,False,quad9,0.9998781744281257,1,0.0028576938849603603,0,,63ab5ba67ce09a85
quad9_1,quad9_1_14,401,benign,benign,benign,1790003619.467809,1790003621.628433,False,quad9,0.9999995947346086,1,0.753082089593396,1,,63ab5ba67ce09a85
quad9_1,quad9_1_14,402,benign,benign,benign,1790003622.623403,1790003624.067936,False,quad9,0.016787860053016457,0,0.003892572149212659,0,,63ab5ba67ce09a85
quad9_1,quad9_1_14,403,benign,benign,benign,1790003624.088497,1790003633.063482,False,quad9,0.05169946813714423,0,0.0008613091760622159,0,,63ab5ba67ce09a85
quad9_1,quad9_1_14,404,benign,benign,benign,1790003634.000547,1790003635.176175,False,quad9,0.9999994417635553,1,0.9328671192284377,1,,63ab5ba67ce09a85
quad9_1,quad9_1_14,405,benign,benign,benign,1790003636.243833,1790003640.532078,False,quad9,0.9998781744281257,1,0.0005583541177269979,0,,63ab5ba67ce09a85
quad9_1,quad9_1_14,406,benign,benign,benign,1790003640.760887,1790003650.615074,False,quad9,0.9998777932771521,1,0.002986667490724861,0,,63ab5ba67ce09a85
quad9_1,quad9_1_14,407,benign,benign,benign,1790003650.555832,1790003653.696145,False,quad9,0.9999990765282262,1,0.9607591013445046,1,,63ab5ba67ce09a85
quad9_1,quad9_1_14,408,benign,benign,benign,1790003654.411669,1790003658.25551,False,quad9,0.9998343788511008,1,0.0004917206719864699,0,,63ab5ba67ce09a85
quad9_1,quad9_1_14,409,benign,benign,benign,1790003658.743982,1790003661.596777,False,quad9,0.04217348540968044,0,0.00023303065828906568,0,,63ab5ba67ce09a85
quad9_1,quad9_1_14,410,benign,benign,benign,1790003662.478315,1790003666.637409,False,quad9,0.9999993118939751,1,0.5730963122845734,1,,63ab5ba67ce09a85
quad9_1,quad9_1_14,411,benign,benign,benign,1790003667.558004,1790003668.466804,False,quad9,3.443489704783284e-05,0,0.009944343776751591,0,,63ab5ba67ce09a85
quad9_1,quad9_1_14,412,benign,benign,benign,1790003668.862645,1790003669.693738,False,quad9,4.9666494716430685e-05,0,0.0003507290256473403,0,,63ab5ba67ce09a85
quad9_1,quad9_1_14,413,benign,benign,benign,1790003669.943505,1790003677.092217,False,quad9,0.9999992964044443,1,0.8581896004578945,1,,63ab5ba67ce09a85
quad9_1,quad9_1_14,414,benign,benign,benign,1790003677.355755,1790003682.213778,False,quad9,0.9998342329634163,1,0.0031875609091272547,0,,63ab5ba67ce09a85
quad9_1,quad9_1_14,415,benign,benign,benign,1790003682.745672,1790003685.519979,False,quad9,0.0007644659449362673,0,0.0001309473502550978,0,,63ab5ba67ce09a85
quad9_1,quad9_1_14,416,benign,benign,benign,1790003686.183628,1790003687.580089,False,quad9,0.9999993390152472,1,0.4614591065804479,0,,63ab5ba67ce09a85
quad9_1,quad9_1_14,417,benign,benign,benign,1790003687.783527,1790003694.916861,False,quad9,0.9998771576273404,1,0.003729977848994545,0,,63ab5ba67ce09a85
quad9_1,quad9_1_14,418,benign,benign,benign,1790003695.477649,1790003696.570174,False,quad9,9.133807356635296e-05,0,0.0004730580992418731,0,,63ab5ba67ce09a85
quad9_1,quad9_1_14,419,benign,benign,benign,1790003697.139519,1790003698.090242,False,quad9,0.9999993308298759,1,0.5014185473482867,1,,63ab5ba67ce09a85
quad9_1,quad9_1_14,420,benign,benign,benign,1790003699.155966,1790003700.209905,False,quad9,0.022792994964478463,0,0.007149489345933931,0,,63ab5ba67ce09a85
quad9_1,quad9_1_14,421,benign,benign,benign,1790003701.220581,1790003704.951933,False,quad9,0.999859402588318,1,0.00032098120578860135,0,,63ab5ba67ce09a85
quad9_1,quad9_1_14,422,benign,benign,benign,1790003705.438868,1790003791.631536,False,quad9,0.9999989974217767,1,0.9740004629205402,1,,63ab5ba67ce09a85
quad9_1,quad9_1_15,423,benign,benign,benign,1790003792.527488,1790003798.732701,False,quad9,0.9998771576273404,1,0.000746243154923766,0,,63ab5ba67ce09a85
quad9_1,quad9_1_15,424,benign,benign,benign,1790003799.37192,1790003801.929121,False,quad9,0.2822118676119999,0,0.00012776564150120728,0,,63ab5ba67ce09a85
quad9_1,quad9_1_15,425,benign,benign,benign,1790003802.94313,1790003810.291496,False,quad9,0.9999992239186063,1,0.9570779437011284,1,,63ab5ba67ce09a85
quad9_1,quad9_1_15,426,benign,benign,benign,1790003810.48484,1790003811.887466,False,quad9,0.38920085382799924,0,0.00010026011354897367,0,,63ab5ba67ce09a85
quad9_1,quad9_1_15,427,benign,benign,benign,1790003812.140227,1790003816.284925,False,quad9,0.25093505587944315,0,0.00012857725448927522,0,,63ab5ba67ce09a85
quad9_1,quad9_1_15,428,benign,benign,benign,1790003816.712971,1790003820.847127,False,quad9,0.999999530601915,1,0.32648998645952015,0,,63ab5ba67ce09a85
quad9_1,quad9_1_15,429,benign,benign,benign,1790003821.014617,1790003821.567993,False,quad9,4.720572697541555e-05,0,0.0002648868307864984,0,,63ab5ba67ce09a85
quad9_1,quad9_1_15,430,benign,benign,benign,1790003822.151911,1790003824.355211,False,quad9,0.0005870522635812373,0,0.006616790508534842,0,,63ab5ba67ce09a85
quad9_1,quad9_1_15,431,benign,benign,benign,1790003824.671002,1790003830.863941,False,quad9,0.999999479406494,1,0.8975471123600348,1,,63ab5ba67ce09a85
quad9_1,quad9_1_15,432,benign,benign,benign,1790003831.512261,1790003832.377179,False,quad9,0.00010490165673983663,0,0.00044899132565510524,0,,63ab5ba67ce09a85
quad9_1,quad9_1_15,433,benign,benign,benign,1790003832.327831,1790003837.826073,False,quad9,0.9998771576273404,1,0.0002451053096846641,0,,63ab5ba67ce09a85
quad9_1,quad9_1_15,434,benign,benign,benign,1790003838.084798,1790003840.306811,False,quad9,0.999999345426959,1,0.8497629352444311,1,,63ab5ba67ce09a85
quad9_1,quad9_1_15,435,benign,benign,benign,1790003840.801493,1790003845.097871,False,quad9,0.9998781744281257,1,0.00028942631170232136,0,,63ab5ba67ce09a85
quad9_1,quad9_1_15,436,benign,benign,benign,1790003845.655077,1790003847.616922,False,quad9,0.0018920814664065838,0,0.00016950234878358264,0,,63ab5ba67ce09a85
quad9_1,quad9_1_15,437,benign,benign,benign,1790003848.680894,1790003851.098313,False,quad9,0.9999989521737113,1,0.6495453680925156,1,,63ab5ba67ce09a85
quad9_1,quad9_1_15,438,benign,benign,benign,1790003851.852614,1790003860.53609,False,quad9,0.9998771576273404,1,0.004322020452414855,0,,63ab5ba67ce09a85
quad9_1,quad9_1_15,439,benign,benign,benign,1790003861.228135,1790003869.914586,False,quad9,0.9998771576273404,1,0.004322020452414855,0,,63ab5ba67ce09a85
quad9_1,quad9_1_15,440,benign,benign,benign,1790003870.582198,1790003879.484968,False,quad9,0.9999993337973359,1,0.9639133008089384,1,,63ab5ba67ce09a85
quad9_1,quad9_1_15,441,benign,benign,benign,1790003879.937919,1790003881.965728,False,quad9,0.08719773994119667,0,0.0001146350848641742,0,,63ab5ba67ce09a85
quad9_1,quad9_1_15,442,benign,benign,benign,1790003882.690577,1790003883.904203,False,quad9,5.673277461928926e-05,0,0.00829836519415575,0,,63ab5ba67ce09a85
quad9_1,quad9_1_15,443,benign,benign,benign,1790003884.165643,1790003886.919221,False,quad9,0.9999995911395254,1,0.7551380836879932,1,,63ab5ba67ce09a85
quad9_1,quad9_1_15,444,benign,benign,benign,1790003887.251262,1790003892.226354,False,quad9,4.400702137522597e-06,0,0.00012570444038052458,0,,63ab5ba67ce09a85
quad9_1,quad9_1_15,445,benign,benign,benign,1790003892.822416,1790003899.351646,False,quad9,0.9998755668548668,1,0.002827779822593805,0,,63ab5ba67ce09a85
quad9_1,quad9_1_15,446,benign,benign,benign,1790003899.93658,1790003902.672726,False,quad9,0.9999992488564546,1,0.8627146815270568,1,,63ab5ba67ce09a85
quad9_1,quad9_1_15,447,benign,benign,benign,1790003903.212226,1790003904.052701,False,quad9,1.646925091805575e-05,0,0.0006011325407391973,0,,63ab5ba67ce09a85
quad9_1,quad9_1_15,448,benign,benign,benign,1790003904.886151,1790003908.781469,False,quad9,0.9998745282930523,1,0.00016567744959671409,0,,63ab5ba67ce09a85
quad9_1,quad9_1_15,449,benign,benign,benign,1790003909.383963,1790003918.859785,False,quad9,0.999998930584069,1,0.9914931681557885,1,,63ab5ba67ce09a85
quad9_1,quad9_1_15,450,benign,benign,benign,1790003919.730681,1790003921.818703,False,quad9,0.36481148975133026,0,7.355235702779766e-05,0,,63ab5ba67ce09a85
quad9_1,quad9_1_15,451,benign,benign,benign,1790003922.50318,1790003926.170861,False,quad9,0.9998536854992938,1,0.00016567744959671409,0,,63ab5ba67ce09a85
quad9_1,quad9_1_15,452,benign,benign,benign,1790003926.953234,1790003928.780192,False,quad9,0.9999994297669027,1,0.8650828147085833,1,,63ab5ba67ce09a85
quad9_1,quad9_1_15,453,benign,benign,benign,1790003929.776565,1790003933.185863,False,quad9,0.9998343788511008,1,0.00023800973354835524,0,,63ab5ba67ce09a85
quad9_1,quad9_1_15,454,benign,benign,benign,1790003933.861308,1790003937.853378,False,quad9,0.9998467104036497,1,0.0002872190582193798,0,,63ab5ba67ce09a85
